﻿{
    "wrench": {
    "sounds": [
      {
        "name": "wrench",
        "stream": true
      }
    ]
  },
    "athena": {
    "sounds": [
      {
        "name": "athena",
        "stream": true
      }
    ]
  },
    "sea": {
    "sounds": [
      {
        "name": "sea",
        "stream": true
      }
    ]
  },
    "siha": {
    "sounds": [
      {
        "name": "siha",
        "stream": true
      }
    ]
  },
    "break_clock": {
    "sounds": [
      {
        "name": "break_clock",
        "stream": true
      }
    ]
  },
    "ququ": {
    "sounds": [
      {
        "name": "ququ",
        "stream": true
      }
    ]
  },
    "use_clock": {
    "sounds": [
      {
        "name": "use_clock",
        "stream": true
      }
    ]
  },
    "suolian": {
    "sounds": [
      {
        "name": "suolian",
        "stream": true
      }
    ]
  },
    "soultear": {
    "sounds": [
      {
        "name": "soultear",
        "stream": true
      }
    ]
  },
    "huhuan": {
    "sounds": [
      {
        "name": "huhuan",
        "stream": true
      }
    ]
  },
      "air": {
    "sounds": [
      {
        "name": "air",
        "stream": true
      }
    ]
  },
      "comeback": {
    "sounds": [
      {
        "name": "comeback",
        "stream": true
      }
    ]
  },
      "fire": {
    "sounds": [
      {
        "name": "fire",
        "stream": true
      }
    ]
  },
      "ladashuan": {
    "sounds": [
      {
        "name": "ladashuan",
        "stream": true
      }
    ]
  },
      "light": {
    "sounds": [
      {
        "name": "light",
        "stream": true
      }
    ]
  },
      "mrfz": {
    "sounds": [
      {
        "name": "mrfz",
        "stream": true
      }
    ]
  },
        "bolahegang2": {
    "sounds": [
      {
        "name": "bolahegang2",
        "stream": true
      }
    ]
  },
        "abyssbook": {
    "sounds": [
      {
        "name": "abyssbook",
        "stream": true
      }
    ]
  },
        "blessing": {
    "sounds": [
      {
        "name": "blessing",
        "stream": true
      }
    ]
  },
        "wrench_repair": {
    "sounds": [
      {
        "name": "wrench_repair",
        "stream": true
      }
    ]
  },
          "qin_gongji": {
    "sounds": [
      {
        "name": "qin_gongji",
        "stream": true
      }
    ]
  },
          "qin_houyao": {
    "sounds": [
      {
        "name": "qin_houyao",
        "stream": true
      }
    ]
  },
          "qin_qianyao": {
    "sounds": [
      {
        "name": "qin_qianyao",
        "stream": true
      }
    ]
  },
            "dazhong": {
    "sounds": [
      {
        "name": "dazhong",
        "stream": true
      }
    ]
  },
            "zhongju": {
    "sounds": [
      {
        "name": "zhongju",
        "stream": true
      }
    ]
  },
            "biaji": {
    "sounds": [
      {
        "name": "biaji",
        "stream": true
      }
    ]
  },
            "bzhui": {
    "sounds": [
      {
        "name": "bzhui",
        "stream": true
      }
    ]
  },
            "faxian": {
    "sounds": [
      {
        "name": "faxian",
        "stream": true
      }
    ]
  },
            "huhuhu": {
    "sounds": [
      {
        "name": "huhuhu",
        "stream": true
      }
    ]
  },
            "kuang": {
    "sounds": [
      {
        "name": "kuang",
        "stream": true
      }
    ]
  },
            "qs": {
    "sounds": [
      {
        "name": "qs",
        "stream": true
      }
    ]
  },
            "shani": {
    "sounds": [
      {
        "name": "shani",
        "stream": true
      }
    ]
  },
            "stop": {
    "sounds": [
      {
        "name": "stop",
        "stream": true
      }
    ]
  },
            "wow": {
    "sounds": [
      {
        "name": "wow",
        "stream": true
      }
    ]
  },
            "wowow": {
    "sounds": [
      {
        "name": "wowow",
        "stream": true
      }
    ]
  },
            "zhui": {
    "sounds": [
      {
        "name": "zhui",
        "stream": true
      }
    ]
  },
            "xjyh": {
    "sounds": [
      {
        "name": "xjyh",
        "stream": true
      }
    ]
  }
}
#本包由GoldenEggs工作室-沉梦之渊制作组制作，侵权必究！
#This package is produced by GoldenEggs Studio: Nightmare Abyss. Infringement will be investigated!