{
	"parent": "block/block",
	"textures": {
		"0": "block/redmetal_block",
		"1": "block/redmetal_block_1",
		"2": "block/redmetal_chest",
		"3": "block/redmetal_monitor",
		"4": "block/warning_cross",
		"5": "block/redstone_block",
		"6": "block/red_stained_glass",
		"particle": "block/redmetal_block"
	},
	"elements": [
		{
			"from": [0, 0, 0],
			"to": [16, 16, 16],
			"faces": {
				"north": {"uv": [0, 0, 16, 16], "texture": "#2"},
				"east": {"uv": [0, 0, 16, 16], "texture": "#1"},
				"south": {"uv": [0, 0, 16, 16], "texture": "#1"},
				"west": {"uv": [0, 0, 16, 16], "texture": "#1"},
				"up": {"uv": [0, 0, 16, 16], "rotation": 180, "texture": "#1"},
				"down": {"uv": [0, 0, 16, 16], "rotation": 180, "texture": "#0"}
			}
		},
		{
			"from": [0, 16, 0],
			"to": [16, 20, 16],
			"faces": {
				"north": {"uv": [0, 0, 16, 4], "texture": "#0"},
				"east": {"uv": [0, 0, 16, 4], "texture": "#0"},
				"south": {"uv": [0, 0, 16, 4], "texture": "#1"},
				"west": {"uv": [0, 0, 16, 4], "texture": "#0"},
				"up": {"uv": [0, 0, 16, 16], "rotation": 180, "texture": "#0"},
				"down": {"uv": [0, 0, 16, 16], "rotation": 180, "texture": "#0"}
			}
		},
		{
			"from": [0, 20, 8],
			"to": [16, 29, 16],
			"faces": {
				"north": {"uv": [0, 0, 16, 9], "texture": "#3"},
				"east": {"uv": [0, 0, 8, 9], "texture": "#0"},
				"south": {"uv": [0, 0, 16, 9], "texture": "#0"},
				"west": {"uv": [8, 0, 16, 9], "texture": "#0"},
				"up": {"uv": [0, 0, 16, 8], "rotation": 180, "texture": "#0"},
				"down": {"uv": [0, 0, 16, 8], "rotation": 180, "texture": "#0"}
			}
		},
		{
			"from": [6, 29, 11],
			"to": [9, 32, 14],
			"faces": {
				"north": {"uv": [1, 1, 4, 4], "texture": "#6"},
				"east": {"uv": [1, 1, 4, 4], "texture": "#6"},
				"south": {"uv": [1, 1, 4, 4], "texture": "#6"},
				"west": {"uv": [1, 1, 4, 4], "texture": "#6"},
				"up": {"uv": [1, 1, 4, 4], "rotation": 180, "texture": "#6"},
				"down": {"uv": [1, 1, 4, 4], "rotation": 180, "texture": "#6"}
			}
		},
		{
			"from": [6, 20, 3],
			"to": [10, 22, 6],
			"faces": {
				"north": {"uv": [0, 0, 4, 2], "texture": "#5"},
				"east": {"uv": [0, 0, 3, 2], "texture": "#5"},
				"south": {"uv": [0, 0, 4, 2], "texture": "#5"},
				"west": {"uv": [0, 0, 3, 2], "texture": "#5"},
				"up": {"uv": [0, 0, 4, 3], "texture": "#5"},
				"down": {"uv": [0, 0, 4, 3], "texture": "#5"}
			}
		},
		{
			"from": [5, 20, 2],
			"to": [11, 20, 7],
			"faces": {
				"north": {"uv": [0, 0, 6, 0], "texture": "#4"},
				"east": {"uv": [0, 0, 5, 0], "texture": "#4"},
				"south": {"uv": [0, 0, 6, 0], "texture": "#4"},
				"west": {"uv": [0, 0, 5, 0], "texture": "#4"},
				"up": {"uv": [0, 0, 12, 10], "texture": "#4"},
				"down": {"uv": [0, 0, 6, 5], "texture": "#4"}
			}
		}
	],
	"display": {
		"thirdperson_righthand": {
			"rotation": [90, 0, 0],
			"translation": [-6, -2, -4]
		}
	},
	"groups": [
		{
			"name": "group",
			"origin": [8, 8, 8],
			"children": [0, 1, 2, 3]
		}, 4, 5]
}
#本包由GoldenEggs工作室：Nightmare Abyss 制作组，侵权必究！
#This package is produced by GoldenEggs Studio: Nightmare Abyss. Infringement will be investigated!