{"stats":{"minecraft:killed_by":{"minecraft:player":3,"minecraft:zombie":1},"minecraft:killed":{"minecraft:cat":1,"minecraft:zoglin":3,"minecraft:zombie":19,"minecraft:villager":7,"minecraft:cow":10},"minecraft:dropped":{"minecraft:orange_dye":273,"minecraft:rotten_flesh":5,"minecraft:leather":4,"minecraft:structure_void":163,"minecraft:filled_map":19,"minecraft:ink_sac":1,"minecraft:white_dye":3707,"minecraft:magenta_dye":13,"minecraft:splash_potion":13,"minecraft:gold_ingot":1,"minecraft:egg":1},"minecraft:used":{"minecraft:oak_fence":4,"minecraft:end_rod":6,"minecraft:writable_book":2,"minecraft:red_concrete":7,"minecraft:armor_stand":9,"minecraft:dispenser":1,"minecraft:redstone":5,"minecraft:carrot_on_a_stick":1,"minecraft:oak_planks":1626,"minecraft:cartography_table":2,"minecraft:oak_sign":10,"minecraft:white_concrete_powder":14,"minecraft:ender_pearl":51,"minecraft:chest":9,"minecraft:iron_sword":47,"minecraft:structure_void":17,"minecraft:beacon":1,"minecraft:fletching_table":3,"minecraft:structure_block":1,"minecraft:oak_door":6,"minecraft:debug_stick":4,"minecraft:white_wool":31,"minecraft:torch":10,"minecraft:respawn_anchor":2,"minecraft:lime_terracotta":2,"minecraft:comparator":5,"minecraft:oak_slab":8,"minecraft:campfire":2,"minecraft:blue_concrete":1,"minecraft:dark_oak_door":6,"minecraft:honey_bottle":2,"minecraft:black_terracotta":1,"minecraft:netherite_block":87,"minecraft:lever":2,"minecraft:sea_lantern":50,"minecraft:black_concrete":215,"minecraft:bookshelf":49,"minecraft:command_block":116,"minecraft:red_wool":16,"minecraft:map":11,"minecraft:oak_stairs":171,"minecraft:barrier":23,"minecraft:stone_button":10,"minecraft:quartz_block":26,"minecraft:blackstone_slab":1,"minecraft:repeater":20,"minecraft:red_carpet":21,"minecraft:lime_concrete":1,"minecraft:written_book":33,"minecraft:scaffolding":8,"minecraft:chain_command_block":12,"minecraft:repeating_command_block":6,"minecraft:white_concrete":4,"minecraft:turtle_egg":33,"minecraft:splash_potion":5},"minecraft:picked_up":{"minecraft:splash_potion":13,"minecraft:leather":10,"minecraft:acacia_button":1,"minecraft:string":1,"minecraft:red_carpet":1,"minecraft:oak_sign":2,"minecraft:iron_ingot":2,"minecraft:beef":22,"minecraft:oak_planks":1,"minecraft:egg":1,"minecraft:orange_dye":64,"minecraft:white_dye":1101,"minecraft:sand":1,"minecraft:structure_void":67,"minecraft:ink_sac":1,"minecraft:carrot":1,"minecraft:prismarine_crystals":27,"minecraft:rotten_flesh":26,"minecraft:lever":1,"minecraft:bookshelf":2,"minecraft:gold_ingot":1},"minecraft:mined":{"minecraft:structure_void":2,"minecraft:oak_planks":1},"minecraft:custom":{"minecraft:interact_with_anvil":1,"minecraft:mob_kills":42,"minecraft:interact_with_cartography_table":2,"minecraft:play_one_minute":1886764,"minecraft:leave_game":37,"minecraft:time_since_death":12409,"minecraft:climb_one_cm":408,"minecraft:time_since_rest":12450,"minecraft:sprint_one_cm":421824,"minecraft:damage_taken":111025,"minecraft:walk_one_cm":659930,"minecraft:drop":1106,"minecraft:damage_dealt":8435,"minecraft:interact_with_beacon":11,"minecraft:fly_one_cm":1078668,"minecraft:player_kills":3,"minecraft:open_chest":52,"minecraft:crouch_one_cm":62243,"minecraft:deaths":53,"minecraft:sneak_time":17722,"minecraft:aviate_one_cm":58364,"minecraft:jump":1409,"minecraft:fall_one_cm":10669,"minecraft:inspect_dispenser":2}},"DataVersion":2580}