{"stats":{"minecraft:picked_up":{"minecraft:magenta_dye":1,"minecraft:gold_ingot":9},"minecraft:used":{"minecraft:black_concrete":2,"minecraft:written_book":26,"minecraft:command_block":9,"minecraft:structure_void":1,"minecraft:experience_bottle":64},"minecraft:dropped":{"minecraft:white_dye":11,"minecraft:magenta_dye":9,"minecraft:orange_dye":6,"minecraft:gold_ingot":5},"minecraft:killed_by":{"minecraft:player":3},"minecraft:custom":{"minecraft:time_since_rest":54645,"minecraft:open_chest":1,"minecraft:crouch_one_cm":5299,"minecraft:play_one_minute":173010,"minecraft:sprint_one_cm":64137,"minecraft:deaths":11,"minecraft:damage_taken":855,"minecraft:walk_one_cm":82113,"minecraft:sneak_time":1043,"minecraft:drop":31,"minecraft:jump":241,"minecraft:damage_dealt":610,"minecraft:leave_game":4,"minecraft:time_since_death":54622,"minecraft:player_kills":3,"minecraft:fall_one_cm":7741,"minecraft:fly_one_cm":61891}},"DataVersion":2580}