{
	"pools": [{
		"rolls": 1,
		"entries": [{
			"type": "minecraft:item",
			"name": "minecraft:stone",
			"weight": 1,
			"functions": [{
				"function": "minecraft:set_count",
				"count": {
					"min": 0,
					"max": 2
				}
			}, {
				"function": "minecraft:looting_enchant",
				"count": {
					"min": 0,
					"max": 1
				}
			}]
		}]
	}, {
		"rolls": 1,
		"entries": [{
			"type": "minecraft:item",
			"name": "minecraft:rotten_flesh",
			"weight": 1,
			"functions": [{
				"function": "minecraft:set_count",
				"count": {
					"min": 1,
					"max": 1
				}
			}, {
				"function": "minecraft:furnace_smelt",
				"conditions": [{
					"condition": "minecraft:entity_properties",
					"entity": "this",
					"properties": {
						"on_fire": true
					}
				}]
			}, {
				"function": "minecraft:looting_enchant",
				"count": {
					"min": 0,
					"max": 1
				}
			}]
		}]
	}]
}
