{
	"texture_size": [8, 8],
	"textures": {
		"0": "block/spruce_planks",
		"1": "block/anvil",
		"2": "block/barrel_top",
		"3": "block/barrel_side",
		"4": "entity/arrow",
		"particle": "block/spruce_planks"
	},
	"elements": [
		{
			"from": [7.5, 7, 15],
			"to": [8.5, 8, 18],
			"faces": {
				"north": {"uv": [0, 0, 2, 2], "texture": "#3"},
				"east": {"uv": [0, 3, 6, 5], "texture": "#3"},
				"south": {"uv": [0, 0, 2, 2], "texture": "#3"},
				"west": {"uv": [0, 3, 6, 5], "texture": "#3"},
				"up": {"uv": [0, 3, 6, 5], "rotation": 270, "texture": "#3"},
				"down": {"uv": [0, 3, 6, 5], "rotation": 90, "texture": "#3"}
			}
		},
		{
			"from": [7.5, 5, 15],
			"to": [8.5, 6, 18],
			"faces": {
				"north": {"uv": [0, 0, 2, 2], "texture": "#3"},
				"east": {"uv": [0, 3, 6, 5], "texture": "#3"},
				"south": {"uv": [0, 0, 2, 2], "texture": "#3"},
				"west": {"uv": [0, 3, 6, 5], "texture": "#3"},
				"up": {"uv": [0, 3, 6, 5], "rotation": 270, "texture": "#3"},
				"down": {"uv": [0, 3, 6, 5], "rotation": 90, "texture": "#3"}
			}
		},
		{
			"from": [7, 3, 18],
			"to": [9, 9, 19],
			"faces": {
				"north": {"uv": [0, 0, 4, 12], "texture": "#0"},
				"east": {"uv": [0, 0, 2, 12], "texture": "#0"},
				"south": {"uv": [0, 0, 4, 12], "texture": "#0"},
				"west": {"uv": [0, 0, 2, 12], "texture": "#0"},
				"up": {"uv": [0, 0, 2, 4], "rotation": 270, "texture": "#0"},
				"down": {"uv": [0, 0, 2, 4], "rotation": 90, "texture": "#0"}
			}
		},
		{
			"from": [6.5, 6, 12],
			"to": [9.5, 10, 15],
			"faces": {
				"north": {"uv": [0, 0, 6, 8], "texture": "#1"},
				"east": {"uv": [0, 0, 6, 8], "texture": "#1"},
				"south": {"uv": [0, 0, 6, 8], "texture": "#1"},
				"west": {"uv": [0, 0, 6, 8], "texture": "#1"},
				"up": {"uv": [0, 0, 6, 6], "rotation": 270, "texture": "#1"},
				"down": {"uv": [0, 0, 6, 6], "rotation": 90, "texture": "#1"}
			}
		},
		{
			"from": [6.75, 6.5, 8],
			"to": [9.25, 9.5, 12],
			"faces": {
				"north": {"uv": [0, 0, 5, 6], "texture": "#1"},
				"east": {"uv": [0, 0, 8, 6], "texture": "#1"},
				"south": {"uv": [0, 0, 5, 6], "texture": "#1"},
				"west": {"uv": [8, 0, 16, 6], "texture": "#1"},
				"up": {"uv": [0, 0, 8, 5], "rotation": 270, "texture": "#1"},
				"down": {"uv": [8, 0, 16, 5], "rotation": 90, "texture": "#1"}
			}
		},
		{
			"from": [6.75, 6.5, 3],
			"to": [9.25, 9.5, 8],
			"faces": {
				"north": {"uv": [0, 0, 5, 6], "texture": "#1"},
				"east": {"uv": [3, 0, 13, 6], "texture": "#1"},
				"south": {"uv": [0, 0, 5, 6], "texture": "#1"},
				"west": {"uv": [3, 0, 13, 6], "texture": "#1"},
				"up": {"uv": [3, 0, 13, 5], "rotation": 270, "texture": "#1"},
				"down": {"uv": [3, 0, 13, 5], "rotation": 90, "texture": "#1"}
			}
		},
		{
			"from": [6.75, 6.5, -1],
			"to": [9.25, 9.5, 3],
			"faces": {
				"north": {"uv": [0, 0, 5, 6], "texture": "#1"},
				"east": {"uv": [8, 0, 16, 6], "texture": "#1"},
				"south": {"uv": [0, 0, 5, 6], "texture": "#1"},
				"west": {"uv": [0, 0, 8, 6], "texture": "#1"},
				"up": {"uv": [8, 0, 16, 5], "rotation": 270, "texture": "#1"},
				"down": {"uv": [0, 0, 8, 5], "rotation": 90, "texture": "#1"}
			}
		},
		{
			"from": [7, 4, 12],
			"to": [9, 6, 15],
			"faces": {
				"north": {"uv": [0, 0, 4, 4], "texture": "#1"},
				"east": {"uv": [0, 0, 6, 4], "texture": "#1"},
				"south": {"uv": [0, 0, 4, 4], "texture": "#1"},
				"west": {"uv": [0, 0, 6, 4], "texture": "#1"},
				"up": {"uv": [0, 0, 6, 4], "rotation": 270, "texture": "#1"},
				"down": {"uv": [0, 0, 6, 4], "rotation": 90, "texture": "#1"}
			}
		},
		{
			"from": [7, 5, 3],
			"to": [9, 6.5, 6],
			"faces": {
				"north": {"uv": [0, 0, 4, 3], "texture": "#0"},
				"east": {"uv": [0, 0, 6, 3], "texture": "#0"},
				"south": {"uv": [0, 0, 4, 3], "texture": "#0"},
				"west": {"uv": [0, 3, 6, 6], "texture": "#0"},
				"up": {"uv": [0, 0, 6, 4], "rotation": 270, "texture": "#0"},
				"down": {"uv": [0, 0, 6, 4], "rotation": 90, "texture": "#0"}
			}
		},
		{
			"from": [7, 5, 10],
			"to": [9, 6.5, 12],
			"faces": {
				"north": {"uv": [0, 0, 4, 3], "texture": "#0"},
				"east": {"uv": [0, 0, 4, 3], "texture": "#0"},
				"south": {"uv": [0, 0, 4, 3], "texture": "#0"},
				"west": {"uv": [0, 3, 6, 6], "texture": "#0"},
				"up": {"uv": [0, 0, 4, 4], "rotation": 270, "texture": "#0"},
				"down": {"uv": [0, 0, 4, 4], "rotation": 90, "texture": "#0"}
			}
		},
		{
			"from": [6, 3, -1],
			"to": [10, 6.5, 3],
			"faces": {
				"north": {"uv": [2, 6, 10, 13], "texture": "#2"},
				"east": {"uv": [0, 0, 8, 7], "texture": "#3"},
				"south": {"uv": [4, 0, 12, 7], "texture": "#3"},
				"west": {"uv": [0, 0, 8, 7], "texture": "#3"},
				"up": {"uv": [0, 0, 8, 8], "rotation": 270, "texture": "#3"},
				"down": {"uv": [0, 0, 8, 8], "rotation": 90, "texture": "#0"}
			}
		},
		{
			"from": [8, 6.75, -7],
			"to": [8, 9.25, -1],
			"rotation": {"angle": -45, "axis": "z", "origin": [8, 8, 8]},
			"faces": {
				"east": {"uv": [2, 0, 8, 2.5], "texture": "#4"},
				"west": {"uv": [2, 0, 8, 2.5], "rotation": 180, "texture": "#4"}
			}
		},
		{
			"from": [8, 6.75, -7],
			"to": [8, 9.25, -1],
			"rotation": {"angle": 45, "axis": "z", "origin": [8, 8, 8]},
			"faces": {
				"east": {"uv": [2, 0, 8, 2.5], "texture": "#4"},
				"west": {"uv": [2, 0, 8, 2.5], "rotation": 180, "texture": "#4"}
			}
		}
	],
	"display": {
		"thirdperson_righthand": {
			"scale": [1, 1, 1]
		},
		"thirdperson_lefthand": {
			"rotation": [-90, 0, 30],
			"translation": [2, 0.1, -3],
			"scale": [0.9, 0.9, 0.9]
		},
		"firstperson_righthand": {
			"rotation": [0, 0, 0],
			"translation": [1.13, 3.2, 1.13],
			"scale": [0.68, 0.68, 0.68]
		},
		"firstperson_lefthand": {
			"rotation": [0, 0, 0],
			"translation": [1.13, 3.2, 1.13],
			"scale": [0.68, 0.68, 0.68]
		},
		"gui": {
			"rotation": [90, 45, -90],
			"translation": [0, 0, 0],
			"scale": [1, 1, 1]
		}
	},
	"groups": [
		{
			"name": "group",
			"origin": [8, 8, 8],
			"children": [
				{
					"name": "group",
					"origin": [8, 8, 8],
					"children": [0, 1, 2]
				},
				{
					"name": "group",
					"origin": [8, 8, 8],
					"children": [3, 4, 5, 6, 7, 8, 9, 10]
				},
				{
					"name": "group",
					"origin": [8, 8, 8],
					"children": [11, 12]
				}
			]
		}
	]
}
#本包由镜像工作室：Nightmare Abyss 制作组，侵权必究！
#This package is produced by Mirror Studio: Nightmare Abyss. Infringement will be investigated!