{
	"credit": "AsciiPainter",
	"textures": {
		"0": "block/spruce_planks",
		"1": "block/anvil",
		"2": "block/iron_block",
		"particle": "block/spruce_planks"
	},
	"elements": [
		{
			"from": [15.5, 7.25, 8],
			"to": [16, 8.75, 10.5],
			"rotation": {"angle": 22.5, "axis": "y", "origin": [8, 8, 8]},
			"faces": {
				"north": {"uv": [0, 0, 1, 3], "texture": "#1"},
				"east": {"uv": [0, 0, 3, 5], "rotation": 270, "texture": "#1"},
				"south": {"uv": [0, 0, 1, 3], "rotation": 180, "texture": "#1"},
				"west": {"uv": [0, 0, 1, 2], "rotation": 90, "texture": "#1"},
				"up": {"uv": [0, 0, 2, 5], "rotation": 180, "texture": "#1"},
				"down": {"uv": [0, 0, 1, 5], "texture": "#1"}
			}
		},
		{
			"from": [13, 7.25, 8.5],
			"to": [15.5, 8.75, 10.5],
			"rotation": {"angle": 22.5, "axis": "y", "origin": [8, 8, 8]},
			"faces": {
				"north": {"uv": [0, 0, 5, 3], "texture": "#0"},
				"east": {"uv": [0, 0, 1, 2], "rotation": 270, "texture": "#0"},
				"south": {"uv": [0, 0, 5, 3], "rotation": 180, "texture": "#0"},
				"west": {"uv": [0, 0, 1, 2], "rotation": 90, "texture": "#0"},
				"up": {"uv": [0, 2, 5, 6], "rotation": 180, "texture": "#0"},
				"down": {"uv": [0, 0, 5, 4], "texture": "#0"}
			}
		},
		{
			"from": [10.5, 7.5, 7.5],
			"to": [14, 8.5, 8.5],
			"faces": {
				"north": {"uv": [0, 0, 7, 2], "texture": "#0"},
				"east": {"uv": [0, 0, 1, 1], "rotation": 270, "texture": "#0"},
				"south": {"uv": [0, 0, 7, 2], "rotation": 180, "texture": "#0"},
				"west": {"uv": [0, 0, 1, 1], "rotation": 90, "texture": "#0"},
				"up": {"uv": [0, 0, 7, 2], "rotation": 180, "texture": "#0"},
				"down": {"uv": [0, 0, 7, 2], "texture": "#0"}
			}
		},
		{
			"from": [11.5, 7.5, 7],
			"to": [13.5, 8.5, 7.5],
			"faces": {
				"north": {"uv": [0, 0, 2, 1], "texture": "#0"},
				"east": {"uv": [0, 0, 1, 1], "rotation": 270, "texture": "#0"},
				"south": {"uv": [0, 0, 3, 1], "rotation": 180, "texture": "#0"},
				"west": {"uv": [0, 0, 1, 1], "rotation": 90, "texture": "#0"},
				"up": {"uv": [0, 0, 2, 0.5], "rotation": 180, "texture": "#0"},
				"down": {"uv": [0, 0, 2, 0.5], "texture": "#0"}
			}
		},
		{
			"from": [6.5, 7.5, 8],
			"to": [10.5, 8.5, 9],
			"faces": {
				"north": {"uv": [0, 0, 8, 2], "texture": "#0"},
				"east": {"uv": [0, 0, 1, 1], "rotation": 270, "texture": "#0"},
				"south": {"uv": [0, 0, 8, 2], "rotation": 180, "texture": "#0"},
				"west": {"uv": [0, 0, 1, 1], "rotation": 90, "texture": "#0"},
				"up": {"uv": [0, 3, 8, 5], "rotation": 180, "texture": "#0"},
				"down": {"uv": [0, 0, 8, 2], "texture": "#0"}
			}
		},
		{
			"from": [3.5, 7.5, 8.25],
			"to": [6.5, 8.5, 9],
			"faces": {
				"north": {"uv": [0, 0, 6, 2], "texture": "#0"},
				"east": {"uv": [0, 0, 1, 1], "rotation": 270, "texture": "#0"},
				"south": {"uv": [0, 0, 14, 1], "rotation": 180, "texture": "#0"},
				"west": {"uv": [0, 0, 1, 1], "rotation": 90, "texture": "#0"},
				"up": {"uv": [0, 3, 6, 4.5], "rotation": 180, "texture": "#0"},
				"down": {"uv": [0, 0, 6, 1.5], "texture": "#0"}
			}
		},
		{
			"from": [-3.5, 7.5, 8.5],
			"to": [3.5, 8.5, 9],
			"faces": {
				"north": {"uv": [0, 0, 14, 2], "texture": "#0"},
				"east": {"uv": [0, 0, 1, 1], "rotation": 270, "texture": "#0"},
				"south": {"uv": [0, 0, 14, 2], "rotation": 180, "texture": "#0"},
				"west": {"uv": [0, 0, 2, 1], "rotation": 90, "texture": "#0"},
				"up": {"uv": [0, 3, 14, 4], "rotation": 180, "texture": "#0"},
				"down": {"uv": [0, 0, 14, 1], "texture": "#0"}
			}
		},
		{
			"from": [2.75, 7.5, 8],
			"to": [3, 8.5, 8.5],
			"faces": {
				"north": {"uv": [0, 0, 0.5, 2], "texture": "#1"},
				"east": {"uv": [0, 0, 1, 1], "rotation": 270, "texture": "#1"},
				"south": {"uv": [0, 0, 14, 1], "rotation": 180, "texture": "#1"},
				"west": {"uv": [0, 0, 2, 1], "rotation": 90, "texture": "#1"},
				"up": {"uv": [0, 3, 0.5, 4], "rotation": 180, "texture": "#1"},
				"down": {"uv": [0, 0, 0.5, 1], "texture": "#1"}
			}
		},
		{
			"from": [-3.5, 7.75, 9],
			"to": [-3.25, 8.25, 9.5],
			"faces": {
				"north": {"uv": [0, 0, 14, 1], "texture": "#1"},
				"east": {"uv": [0, 0, 1, 1], "rotation": 270, "texture": "#1"},
				"south": {"uv": [0, 0, 0.5, 1], "rotation": 180, "texture": "#1"},
				"west": {"uv": [0, 0, 1, 1], "rotation": 90, "texture": "#1"},
				"up": {"uv": [0, 3, 0.5, 4], "rotation": 180, "texture": "#1"},
				"down": {"uv": [0, 0, 0.5, 1], "texture": "#1"}
			}
		},
		{
			"from": [8.75, 7.75, 9],
			"to": [10.25, 8.25, 9.5],
			"faces": {
				"north": {"uv": [0, 0, 14, 1], "texture": "#1"},
				"east": {"uv": [0, 0, 1, 1], "rotation": 270, "texture": "#1"},
				"south": {"uv": [0, 0, 3, 1], "rotation": 180, "texture": "#1"},
				"west": {"uv": [0, 0, 1, 1], "rotation": 90, "texture": "#1"},
				"up": {"uv": [0, 3, 3, 4], "rotation": 180, "texture": "#1"},
				"down": {"uv": [0, 0, 3, 1], "texture": "#1"}
			}
		},
		{
			"from": [7.25, 7.75, 9],
			"to": [7.75, 8.25, 9.5],
			"faces": {
				"north": {"uv": [0, 0, 14, 1], "texture": "#1"},
				"east": {"uv": [0, 0, 1, 1], "rotation": 270, "texture": "#1"},
				"south": {"uv": [0, 0, 1, 1], "rotation": 180, "texture": "#1"},
				"west": {"uv": [0, 0, 1, 1], "rotation": 90, "texture": "#1"},
				"up": {"uv": [0, 3, 1, 4], "rotation": 180, "texture": "#1"},
				"down": {"uv": [0, 0, 1, 1], "texture": "#1"}
			}
		},
		{
			"from": [5, 7.75, 9],
			"to": [5.25, 8.25, 9.75],
			"faces": {
				"north": {"uv": [0, 0, 14, 1], "texture": "#1"},
				"east": {"uv": [0, 0, 1, 1], "rotation": 270, "texture": "#1"},
				"south": {"uv": [0, 0, 0.5, 1], "rotation": 180, "texture": "#1"},
				"west": {"uv": [0, 0, 1, 1], "rotation": 90, "texture": "#1"},
				"up": {"uv": [0, 3, 0.5, 4.5], "rotation": 180, "texture": "#1"},
				"down": {"uv": [0, 0, 0.5, 1.5], "texture": "#1"}
			}
		},
		{
			"from": [5.25, 7.75, 9],
			"to": [7.25, 8.25, 9.25],
			"faces": {
				"north": {"uv": [0, 0, 14, 1], "texture": "#1"},
				"east": {"uv": [0, 0, 1, 1], "rotation": 270, "texture": "#1"},
				"south": {"uv": [0, 0, 4, 1], "rotation": 180, "texture": "#1"},
				"west": {"uv": [0, 0, 1, 1], "rotation": 90, "texture": "#1"},
				"up": {"uv": [0, 3, 4, 3.5], "rotation": 180, "texture": "#1"},
				"down": {"uv": [0, 0, 4, 0.5], "texture": "#1"}
			}
		},
		{
			"from": [4.75, 7.75, 9],
			"to": [5, 8.25, 9.25],
			"faces": {
				"north": {"uv": [0, 0, 14, 1], "texture": "#1"},
				"east": {"uv": [0, 0, 1, 1], "rotation": 270, "texture": "#1"},
				"south": {"uv": [0, 0, 0.5, 1], "rotation": 180, "texture": "#1"},
				"west": {"uv": [0, 0, 1, 0.5], "rotation": 90, "texture": "#1"},
				"up": {"uv": [0, 3, 0.5, 3.5], "rotation": 180, "texture": "#1"},
				"down": {"uv": [0, 0, 0.5, 0.5], "texture": "#1"}
			}
		},
		{
			"from": [9, 7.25, 8.25],
			"to": [10, 8.75, 9.25],
			"faces": {
				"north": {"uv": [0, 0, 2, 3], "texture": "#1"},
				"east": {"uv": [0, 0, 1, 1], "rotation": 270, "texture": "#1"},
				"south": {"uv": [0, 0, 2, 3], "rotation": 180, "texture": "#1"},
				"west": {"uv": [0, 0, 1, 1], "rotation": 90, "texture": "#1"},
				"up": {"uv": [0, 3, 2, 5], "rotation": 180, "texture": "#1"},
				"down": {"uv": [0, 0, 2, 2], "texture": "#1"}
			}
		},
		{
			"from": [7.75, 7.75, 9],
			"to": [8.75, 8.25, 9.25],
			"faces": {
				"north": {"uv": [0, 0, 14, 1], "texture": "#2"},
				"east": {"uv": [0, 0, 1, 1], "rotation": 270, "texture": "#2"},
				"south": {"uv": [0, 0, 2, 1], "rotation": 180, "texture": "#2"},
				"west": {"uv": [0, 0, 1, 1], "rotation": 90, "texture": "#2"},
				"up": {"uv": [0, 3, 2, 4], "rotation": 180, "texture": "#2"},
				"down": {"uv": [0, 0, 14, 1], "texture": "#2"}
			}
		},
		{
			"from": [9.5, 7.75, 7.25],
			"to": [10.5, 8.25, 7.5],
			"faces": {
				"north": {"uv": [0, 0, 2, 1], "texture": "#1"},
				"east": {"uv": [0, 0, 1, 1], "rotation": 270, "texture": "#1"},
				"south": {"uv": [0, 0, 2, 1], "rotation": 180, "texture": "#1"},
				"west": {"uv": [0, 0, 1, 0.5], "rotation": 90, "texture": "#1"},
				"up": {"uv": [0, 3, 2, 3.5], "rotation": 180, "texture": "#1"},
				"down": {"uv": [0, 0, 2, 0.5], "texture": "#1"}
			}
		},
		{
			"from": [9.25, 7.75, 7.5],
			"to": [9.5, 8.25, 8],
			"faces": {
				"north": {"uv": [0, 0, 0.5, 1], "texture": "#1"},
				"east": {"uv": [0, 0, 1, 1], "rotation": 270, "texture": "#1"},
				"south": {"uv": [0, 0, 3, 1], "rotation": 180, "texture": "#1"},
				"west": {"uv": [0, 0, 1, 1], "rotation": 90, "texture": "#1"},
				"up": {"uv": [0, 3, 0.5, 4], "rotation": 180, "texture": "#1"},
				"down": {"uv": [0, 0, 0.5, 1], "texture": "#1"}
			}
		}
	],
	"display": {
		"thirdperson_righthand": {
			"rotation": [-90, 0, -105],
			"translation": [2, 0.1, -3],
			"scale": [1.1, 1.1, 1.1]
		},
		"thirdperson_lefthand": {
			"rotation": [-90, 0, 75],
			"translation": [2, 0.1, -3],
			"scale": [1.1, 1.1, 1.1]
		},
		"firstperson_righthand": {
			"rotation": [-90, 0, -100],
			"translation": [1.13, 3.2, 1.13]
		},
		"firstperson_lefthand": {
			"rotation": [-90, 0, 80],
			"translation": [1.13, 3.2, 1.13]
		},
		"ground": {
			"rotation": [-90, 0, 0]
		},
		"gui": {
			"rotation": [-60, 0, -45],
			"translation": [1, 0, 0]
		},
		"fixed": {
			"rotation": [-90, 45, 0],
			"translation": [1.5, -0.5, 0]
		}
	},
	"groups": [
		{
			"name": "group",
			"origin": [8, 8, 8],
			"children": [
				{
					"name": "group",
					"origin": [8, 8, 8],
					"children": [0, 1, 2, 3]
				},
				{
					"name": "group",
					"origin": [8, 8, 8],
					"children": [4, 5, 6]
				}, 7, 8,
				{
					"name": "group",
					"origin": [8, 8, 8],
					"children": [9, 10, 11, 12, 13, 14, 15]
				},
				{
					"name": "group",
					"origin": [8, 8, 8],
					"children": [16, 17]
				}
			]
		}
	]
}
#本包由镜像工作室：Nightmare Abyss 制作组，侵权必究！
#This package is produced by Mirror Studio: Nightmare Abyss. Infringement will be investigated!