{
	"credit": "Made with Blockbench",
	"texture_size": [64, 64],
	"textures": {
		"1": "item/black1",
		"2": "item/jian",
		"3": "item/white1",
		"4": "item/ren",
		"5": "item/ren2",
		"6": "item/zi",
		"particle": "block/sword_tang"
	},
	"elements": [
		{
			"name": "daobing1",
			"from": [7.10682, 2, 6.96394],
			"to": [8.10682, 8, 8.86394],
			"rotation": {"angle": 0, "axis": "y", "origin": [7.78538, 13.85556, 7.67856]},
			"faces": {
				"north": {"uv": [0, 0, 0.25, 0.25], "texture": "#1"},
				"east": {"uv": [0, 0, 0.25, 0.25], "texture": "#1"},
				"south": {"uv": [0, 0, 0.25, 0.25], "texture": "#1"},
				"west": {"uv": [0, 0, 0.25, 0.25], "texture": "#1"},
				"up": {"uv": [0, 0, 0.25, 0.25], "rotation": 270, "texture": "#1"},
				"down": {"uv": [0, 0, 0.25, 0.25], "rotation": 90, "texture": "#1"}
			}
		},
		{
			"name": "jian1",
			"from": [7.10682, 0.2, 6.96394],
			"to": [8.10682, 2, 8.86394],
			"rotation": {"angle": 0, "axis": "y", "origin": [7.78538, 13.85556, 7.67856]},
			"faces": {
				"east": {"uv": [0, 0, 16, 8.75], "rotation": 270, "texture": "#2"},
				"west": {"uv": [0, 0, 16, 10.25], "texture": "#2"}
			}
		},
		{
			"name": "daojianbuse",
			"from": [7.1068, 0.5, 6.9639],
			"to": [8.1068, 2, 8.8639],
			"rotation": {"angle": 0, "axis": "y", "origin": [15, 9, 16]},
			"faces": {
				"south": {"uv": [0, 0, 0, 0], "texture": "#1"}
			}
		},
		{
			"name": "di1",
			"from": [7.10682, 8, 7.31394],
			"to": [8.10682, 28, 8.86394],
			"rotation": {"angle": 0, "axis": "y", "origin": [7.78538, 13.85556, 7.67856]},
			"faces": {
				"north": {"uv": [0, 0, 0.75, 3.75], "texture": "#1"},
				"east": {"uv": [0, 0, 0.75, 3.75], "texture": "#1"},
				"south": {"uv": [0, 0, 0.75, 3.75], "texture": "#1"},
				"west": {"uv": [0, 0, 0.75, 3.75], "texture": "#1"},
				"up": {"uv": [0, 0, 0.75, 3.75], "rotation": 270, "texture": "#1"},
				"down": {"uv": [0, 0, 0.75, 3.75], "rotation": 90, "texture": "#1"}
			}
		},
		{
			"name": "jian2",
			"from": [7.10682, 28, 7.26394],
			"to": [8.10682, 31, 8.86394],
			"rotation": {"angle": 0, "axis": "y", "origin": [7.78538, 13.85556, 7.67856]},
			"faces": {
				"east": {"uv": [0.75, 0, 16, 8], "rotation": 180, "texture": "#2"},
				"south": {"uv": [0, 0, 0, 0], "texture": "#1"},
				"west": {"uv": [2.75, 0, 16, 8.75], "rotation": 90, "texture": "#2"},
				"down": {"uv": [0, 0, 0, 0], "rotation": 90, "texture": "#1"}
			}
		},
		{
			"name": "hushou1",
			"from": [8.03908, 7.5, 7.06742],
			"to": [8.23908, 8.5, 8.76742],
			"rotation": {"angle": 0, "axis": "y", "origin": [7.78538, 13.85556, 7.67856]},
			"faces": {
				"north": {"uv": [0, 0, 0.95, 0.25], "texture": "#1"},
				"east": {"uv": [0, 0, 0.95, 0.25], "texture": "#1"},
				"south": {"uv": [0, 0, 0.95, 0.25], "texture": "#1"},
				"west": {"uv": [0, 0, 0.95, 0.25], "texture": "#1"},
				"up": {"uv": [0, 0, 0.95, 0.25], "rotation": 90, "texture": "#1"},
				"down": {"uv": [0, 0, 0.95, 0.25], "rotation": 270, "texture": "#1"}
			}
		},
		{
			"name": "hushou2",
			"from": [8.08695, 7.5, 8.29988],
			"to": [8.18695, 8.5, 9.19988],
			"rotation": {"angle": -22.5, "axis": "y", "origin": [8.13695, 8, 8.54988]},
			"faces": {
				"north": {"uv": [0, 0, 0.1, 0.25], "texture": "#1"},
				"east": {"uv": [0, 0, 0.1, 0.25], "texture": "#1"},
				"south": {"uv": [0, 0, 0.1, 0.25], "texture": "#1"},
				"west": {"uv": [0, 0, 0.1, 0.25], "texture": "#1"},
				"up": {"uv": [0, 0, 0.1, 0.25], "rotation": 90, "texture": "#1"},
				"down": {"uv": [0, 0, 0.1, 0.25], "rotation": 270, "texture": "#1"}
			}
		},
		{
			"name": "hushou3",
			"from": [8.0572, 7.5, 6.63567],
			"to": [8.1572, 8.5, 7.53567],
			"rotation": {"angle": 22.5, "axis": "y", "origin": [8.1072, 8, 6.88567]},
			"faces": {
				"north": {"uv": [0, 0, 0.025, 0.25], "texture": "#1"},
				"east": {"uv": [0, 0, 0.025, 0.25], "texture": "#1"},
				"south": {"uv": [0, 0, 0.025, 0.25], "texture": "#1"},
				"west": {"uv": [0, 0, 0.025, 0.25], "texture": "#1"},
				"up": {"uv": [0, 0, 0.025, 0.25], "rotation": 90, "texture": "#1"},
				"down": {"uv": [0, 0, 0.025, 0.25], "rotation": 270, "texture": "#1"}
			}
		},
		{
			"name": "ren1",
			"from": [7.10682, 8.2, 6.93],
			"to": [8.00682, 28.2, 7.33],
			"rotation": {"angle": 0, "axis": "y", "origin": [7.78538, 13.85556, 7.67856]},
			"faces": {
				"north": {"uv": [0, 0, 16, 16], "texture": "#3"},
				"east": {"uv": [0, 0, 8, 13.5], "texture": "#4"},
				"west": {"uv": [0, 0, 0, 0], "texture": "#3"}
			}
		},
		{
			"name": "ren2",
			"from": [7.10682, 28.00354, 7.37819],
			"to": [8.05682, 31.4, 8.02819],
			"rotation": {"angle": 22.5, "axis": "x", "origin": [7.53182, 29.40354, 7.27819]},
			"faces": {
				"east": {"uv": [0, 0, 4, 16], "texture": "#5"},
				"west": {"uv": [4, 0, 0, 16], "texture": "#5"}
			}
		},
		{
			"name": "zi",
			"from": [8.2, 8.8, 7.5],
			"to": [8.3, 9.8, 8.5],
			"rotation": {"angle": 0, "axis": "y", "origin": [16.2, 16.8, 15.5]},
			"faces": {
				"east": {"uv": [0, 0, 16, 16], "texture": "#6"}
			}
		}
	],
	"display": {},
	"groups": [
		{
			"name": "zhengti",
			"origin": [8, 8, 8],
			"children": [
				{
					"name": "daobing",
					"origin": [8, 8, 8],
					"children": [0, 1, 2]
				},
				{
					"name": "daoti",
					"origin": [8, 8, 8],
					"children": [3, 4]
				},
				{
					"name": "hushou",
					"origin": [8, 8, 8],
					"children": [5, 6, 7]
				},
				{
					"name": "ren",
					"origin": [8, 8, 8],
					"children": [8, 9]
				}
			]
		}, 10]
}
#本包由镜像工作室：Nightmare Abyss 制作组，侵权必究！
#This package is produced by Mirror Studio: Nightmare Abyss. Infringement will be investigated!