{
	"credit": "Made with Blockbench",
	"texture_size": [64, 64],
	"textures": {
		"0": "item/black1",
		"1": "item/white2",
		"2": "item/white_jian",
		"particle": "item/zhihe_electric_shock_stick"
	},
	"elements": [
		{
			"name": "1",
			"from": [6.92571, 4, 7.62429],
			"to": [8.92571, 9, 8.82429],
			"rotation": {"angle": 0, "axis": "y", "origin": [7.92571, 11.59286, 7.25]},
			"faces": {
				"north": {"uv": [0, 0, 0.3, 1.25], "texture": "#0"},
				"east": {"uv": [0, 0, 0.3, 1.25], "texture": "#0"},
				"south": {"uv": [0, 0, 0.3, 1.25], "texture": "#0"},
				"west": {"uv": [0, 0, 0.3, 1.25], "texture": "#0"},
				"up": {"uv": [0, 0, 0.3, 1.25], "rotation": 90, "texture": "#0"},
				"down": {"uv": [0, 0, 0.3, 1.25], "rotation": 270, "texture": "#0"}
			}
		},
		{
			"name": "2",
			"from": [6.92571, 4, 6.82429],
			"to": [8.92571, 5, 7.62429],
			"rotation": {"angle": 0, "axis": "y", "origin": [7.92571, 11.59286, 7.25]},
			"faces": {
				"north": {"uv": [0, 0, 0.25, 0.25], "texture": "#0"},
				"east": {"uv": [0, 0, 0.25, 0.25], "texture": "#0"},
				"south": {"uv": [0, 0, 0.25, 0.25], "texture": "#0"},
				"west": {"uv": [0, 0, 0.25, 0.25], "texture": "#0"},
				"up": {"uv": [0, 0, 0.25, 0.25], "rotation": 90, "texture": "#0"},
				"down": {"uv": [0, 0, 0.25, 0.25], "rotation": 270, "texture": "#0"}
			}
		},
		{
			"name": "3",
			"from": [6.92571, 4, 5.82429],
			"to": [8.92571, 9, 6.82429],
			"rotation": {"angle": 0, "axis": "y", "origin": [7.92571, 11.59286, 7.25]},
			"faces": {
				"north": {"uv": [0, 0, 0.25, 1.25], "texture": "#0"},
				"east": {"uv": [0, 0, 0.25, 1.25], "texture": "#0"},
				"south": {"uv": [0, 0, 0.25, 1.25], "texture": "#0"},
				"west": {"uv": [0, 0, 0.25, 1.25], "texture": "#0"},
				"up": {"uv": [0, 0, 0.25, 1.25], "rotation": 90, "texture": "#0"},
				"down": {"uv": [0, 0, 0.25, 1.25], "rotation": 270, "texture": "#0"}
			}
		},
		{
			"name": "4",
			"from": [6.92571, 8, 6.82429],
			"to": [8.92571, 9, 7.62429],
			"rotation": {"angle": 0, "axis": "y", "origin": [7.92571, 11.59286, 7.25]},
			"faces": {
				"north": {"uv": [0, 0, 0.25, 0.25], "texture": "#0"},
				"east": {"uv": [0, 0, 0.25, 0.25], "texture": "#0"},
				"south": {"uv": [0, 0, 0.25, 0.25], "texture": "#0"},
				"west": {"uv": [0, 0, 0.25, 0.25], "texture": "#0"},
				"up": {"uv": [0, 0, 0.25, 0.25], "rotation": 90, "texture": "#0"},
				"down": {"uv": [0, 0, 0.25, 0.25], "rotation": 270, "texture": "#0"}
			}
		},
		{
			"name": "1",
			"from": [7.77933, 9, 6.19747],
			"to": [8.17715, 10, 6.39747],
			"rotation": {"angle": -45, "axis": "y", "origin": [7.92571, 11.59286, 7.25]},
			"faces": {
				"north": {"uv": [0, 0, 0.25, 0.25], "texture": "#0"},
				"east": {"uv": [0, 0, 0.25, 0.25], "texture": "#0"},
				"south": {"uv": [0, 0, 0.25, 0.25], "texture": "#0"},
				"west": {"uv": [0, 0, 0.25, 0.25], "texture": "#0"},
				"up": {"uv": [0, 0, 0.25, 0.25], "texture": "#0"},
				"down": {"uv": [0, 0, 0.25, 0.25], "texture": "#0"}
			}
		},
		{
			"name": "2",
			"from": [7.79543, 9, 6.22157],
			"to": [8.19326, 10, 6.42157],
			"rotation": {"angle": -22.5, "axis": "y", "origin": [7.92571, 11.59286, 7.25]},
			"faces": {
				"north": {"uv": [0, 0, 0.25, 0.25], "texture": "#0"},
				"east": {"uv": [0, 0, 0.25, 0.25], "texture": "#0"},
				"south": {"uv": [0, 0, 0.25, 0.25], "texture": "#0"},
				"west": {"uv": [0, 0, 0.25, 0.25], "texture": "#0"},
				"up": {"uv": [0, 0, 0.25, 0.25], "texture": "#0"},
				"down": {"uv": [0, 0, 0.25, 0.25], "texture": "#0"}
			}
		},
		{
			"name": "3",
			"from": [7.80109, 9, 6.25],
			"to": [8.19891, 10, 6.45],
			"rotation": {"angle": 0, "axis": "y", "origin": [7.92571, 11.59286, 7.25]},
			"faces": {
				"north": {"uv": [0, 0, 0.25, 0.25], "texture": "#0"},
				"east": {"uv": [0, 0, 0.25, 0.25], "texture": "#0"},
				"south": {"uv": [0, 0, 0.25, 0.25], "texture": "#0"},
				"west": {"uv": [0, 0, 0.25, 0.25], "texture": "#0"},
				"up": {"uv": [0, 0, 0.25, 0.25], "texture": "#0"},
				"down": {"uv": [0, 0, 0.25, 0.25], "texture": "#0"}
			}
		},
		{
			"name": "4",
			"from": [7.79543, 9, 6.27843],
			"to": [8.19326, 10, 6.47843],
			"rotation": {"angle": 22.5, "axis": "y", "origin": [7.92571, 11.59286, 7.25]},
			"faces": {
				"north": {"uv": [0, 0, 0.25, 0.25], "texture": "#0"},
				"east": {"uv": [0, 0, 0.25, 0.25], "texture": "#0"},
				"south": {"uv": [0, 0, 0.25, 0.25], "texture": "#0"},
				"west": {"uv": [0, 0, 0.25, 0.25], "texture": "#0"},
				"up": {"uv": [0, 0, 0.25, 0.25], "texture": "#0"},
				"down": {"uv": [0, 0, 0.25, 0.25], "texture": "#0"}
			}
		},
		{
			"name": "5",
			"from": [7.77933, 9, 6.30253],
			"to": [8.17715, 10, 6.50253],
			"rotation": {"angle": 45, "axis": "y", "origin": [7.92571, 11.59286, 7.25]},
			"faces": {
				"north": {"uv": [0, 0, 0.25, 0.25], "texture": "#0"},
				"east": {"uv": [0, 0, 0.25, 0.25], "texture": "#0"},
				"south": {"uv": [0, 0, 0.25, 0.25], "texture": "#0"},
				"west": {"uv": [0, 0, 0.25, 0.25], "texture": "#0"},
				"up": {"uv": [0, 0, 0.25, 0.25], "texture": "#0"},
				"down": {"uv": [0, 0, 0.25, 0.25], "texture": "#0"}
			}
		},
		{
			"name": "6",
			"from": [7.77933, 9, 7.99747],
			"to": [8.17715, 10, 8.19747],
			"rotation": {"angle": -45, "axis": "y", "origin": [7.92571, 11.59286, 7.25]},
			"faces": {
				"north": {"uv": [0, 0, 0.25, 0.25], "texture": "#0"},
				"east": {"uv": [0, 0, 0.25, 0.25], "texture": "#0"},
				"south": {"uv": [0, 0, 0.25, 0.25], "texture": "#0"},
				"west": {"uv": [0, 0, 0.25, 0.25], "texture": "#0"},
				"up": {"uv": [0, 0, 0.25, 0.25], "texture": "#0"},
				"down": {"uv": [0, 0, 0.25, 0.25], "texture": "#0"}
			}
		},
		{
			"name": "7",
			"from": [7.79543, 9, 8.02157],
			"to": [8.19326, 10, 8.22157],
			"rotation": {"angle": -22.5, "axis": "y", "origin": [7.92571, 11.59286, 7.25]},
			"faces": {
				"north": {"uv": [0, 0, 0.25, 0.25], "texture": "#0"},
				"east": {"uv": [0, 0, 0.25, 0.25], "texture": "#0"},
				"south": {"uv": [0, 0, 0.25, 0.25], "texture": "#0"},
				"west": {"uv": [0, 0, 0.25, 0.25], "texture": "#0"},
				"up": {"uv": [0, 0, 0.25, 0.25], "texture": "#0"},
				"down": {"uv": [0, 0, 0.25, 0.25], "texture": "#0"}
			}
		},
		{
			"name": "8",
			"from": [7.80109, 9, 8.05],
			"to": [8.19891, 10, 8.25],
			"rotation": {"angle": 0, "axis": "y", "origin": [7.92571, 11.59286, 7.25]},
			"faces": {
				"north": {"uv": [0, 0, 0.25, 0.25], "texture": "#0"},
				"east": {"uv": [0, 0, 0.25, 0.25], "texture": "#0"},
				"south": {"uv": [0, 0, 0.25, 0.25], "texture": "#0"},
				"west": {"uv": [0, 0, 0.25, 0.25], "texture": "#0"},
				"up": {"uv": [0, 0, 0.25, 0.25], "texture": "#0"},
				"down": {"uv": [0, 0, 0.25, 0.25], "texture": "#0"}
			}
		},
		{
			"name": "9",
			"from": [7.79543, 9, 8.07843],
			"to": [8.19326, 10, 8.27843],
			"rotation": {"angle": 22.5, "axis": "y", "origin": [7.92571, 11.59286, 7.25]},
			"faces": {
				"north": {"uv": [0, 0, 0.25, 0.25], "texture": "#0"},
				"east": {"uv": [0, 0, 0.25, 0.25], "texture": "#0"},
				"south": {"uv": [0, 0, 0.25, 0.25], "texture": "#0"},
				"west": {"uv": [0, 0, 0.25, 0.25], "texture": "#0"},
				"up": {"uv": [0, 0, 0.25, 0.25], "texture": "#0"},
				"down": {"uv": [0, 0, 0.25, 0.25], "texture": "#0"}
			}
		},
		{
			"name": "10",
			"from": [7.77933, 9, 8.10253],
			"to": [8.17715, 10, 8.30253],
			"rotation": {"angle": 45, "axis": "y", "origin": [7.92571, 11.59286, 7.25]},
			"faces": {
				"north": {"uv": [0, 0, 0.25, 0.25], "texture": "#0"},
				"east": {"uv": [0, 0, 0.25, 0.25], "texture": "#0"},
				"south": {"uv": [0, 0, 0.25, 0.25], "texture": "#0"},
				"west": {"uv": [0, 0, 0.25, 0.25], "texture": "#0"},
				"up": {"uv": [0, 0, 0.25, 0.25], "texture": "#0"},
				"down": {"uv": [0, 0, 0.25, 0.25], "texture": "#0"}
			}
		},
		{
			"name": "11",
			"from": [6.99435, 9, 7.02266],
			"to": [7.19435, 10, 7.42048],
			"rotation": {"angle": -22.5, "axis": "y", "origin": [7.92571, 11.59286, 7.25]},
			"faces": {
				"north": {"uv": [0, 0, 0.25, 0.25], "texture": "#0"},
				"east": {"uv": [0, 0, 0.25, 0.25], "texture": "#0"},
				"south": {"uv": [0, 0, 0.25, 0.25], "texture": "#0"},
				"west": {"uv": [0, 0, 0.25, 0.25], "texture": "#0"},
				"up": {"uv": [0, 0, 0.25, 0.25], "texture": "#0"},
				"down": {"uv": [0, 0, 0.25, 0.25], "texture": "#0"}
			}
		},
		{
			"name": "12",
			"from": [7, 9, 7.05109],
			"to": [7.2, 10, 7.44891],
			"rotation": {"angle": 0, "axis": "y", "origin": [7.92571, 11.59286, 7.25]},
			"faces": {
				"north": {"uv": [0, 0, 0.25, 0.25], "texture": "#0"},
				"east": {"uv": [0, 0, 0.25, 0.25], "texture": "#0"},
				"south": {"uv": [0, 0, 0.25, 0.25], "texture": "#0"},
				"west": {"uv": [0, 0, 0.25, 0.25], "texture": "#0"},
				"up": {"uv": [0, 0, 0.25, 0.25], "texture": "#0"},
				"down": {"uv": [0, 0, 0.25, 0.25], "texture": "#0"}
			}
		},
		{
			"name": "13",
			"from": [6.99435, 9, 7.07952],
			"to": [7.19435, 10, 7.47734],
			"rotation": {"angle": 22.5, "axis": "y", "origin": [7.92571, 11.59286, 7.25]},
			"faces": {
				"north": {"uv": [0, 0, 0.25, 0.25], "texture": "#0"},
				"east": {"uv": [0, 0, 0.25, 0.25], "texture": "#0"},
				"south": {"uv": [0, 0, 0.25, 0.25], "texture": "#0"},
				"west": {"uv": [0, 0, 0.25, 0.25], "texture": "#0"},
				"up": {"uv": [0, 0, 0.25, 0.25], "texture": "#0"},
				"down": {"uv": [0, 0, 0.25, 0.25], "texture": "#0"}
			}
		},
		{
			"name": "14",
			"from": [8.79435, 9, 7.02266],
			"to": [8.99435, 10, 7.42048],
			"rotation": {"angle": -22.5, "axis": "y", "origin": [7.92571, 11.59286, 7.25]},
			"faces": {
				"north": {"uv": [0, 0, 0.25, 0.25], "texture": "#0"},
				"east": {"uv": [0, 0, 0.25, 0.25], "texture": "#0"},
				"south": {"uv": [0, 0, 0.25, 0.25], "texture": "#0"},
				"west": {"uv": [0, 0, 0.25, 0.25], "texture": "#0"},
				"up": {"uv": [0, 0, 0.25, 0.25], "texture": "#0"},
				"down": {"uv": [0, 0, 0.25, 0.25], "texture": "#0"}
			}
		},
		{
			"name": "15",
			"from": [8.8, 9, 7.05109],
			"to": [9, 10, 7.44891],
			"rotation": {"angle": 0, "axis": "y", "origin": [7.92571, 11.59286, 7.25]},
			"faces": {
				"north": {"uv": [0, 0, 0.25, 0.25], "texture": "#0"},
				"east": {"uv": [0, 0, 0.25, 0.25], "texture": "#0"},
				"south": {"uv": [0, 0, 0.25, 0.25], "texture": "#0"},
				"west": {"uv": [0, 0, 0.25, 0.25], "texture": "#0"},
				"up": {"uv": [0, 0, 0.25, 0.25], "texture": "#0"},
				"down": {"uv": [0, 0, 0.25, 0.25], "texture": "#0"}
			}
		},
		{
			"name": "16",
			"from": [8.79435, 9, 7.07952],
			"to": [8.99435, 10, 7.47734],
			"rotation": {"angle": 22.5, "axis": "y", "origin": [7.92571, 11.59286, 7.25]},
			"faces": {
				"north": {"uv": [0, 0, 0.25, 0.25], "texture": "#0"},
				"east": {"uv": [0, 0, 0.25, 0.25], "texture": "#0"},
				"south": {"uv": [0, 0, 0.25, 0.25], "texture": "#0"},
				"west": {"uv": [0, 0, 0.25, 0.25], "texture": "#0"},
				"up": {"uv": [0, 0, 0.25, 0.25], "texture": "#0"},
				"down": {"uv": [0, 0, 0.25, 0.25], "texture": "#0"}
			}
		},
		{
			"name": "1",
			"from": [6.35143, 10, 6.25],
			"to": [9.35143, 11, 8.25],
			"rotation": {"angle": 0, "axis": "y", "origin": [7.92571, 11.59286, 7.25]},
			"faces": {
				"north": {"uv": [0, 0, 0.75, 0.375], "texture": "#1"},
				"east": {"uv": [0, 0, 0.75, 0.375], "texture": "#1"},
				"south": {"uv": [0, 0, 0.75, 0.375], "texture": "#1"},
				"west": {"uv": [0, 0, 0.75, 0.375], "texture": "#1"},
				"up": {"uv": [0, 0, 0.75, 0.375], "rotation": 180, "texture": "#1"},
				"down": {"uv": [0, 0, 0.75, 0.375], "rotation": 180, "texture": "#1"}
			}
		},
		{
			"name": "1",
			"from": [6.35143, 11, 6.25],
			"to": [8.35143, 15.5, 8.25],
			"rotation": {"angle": 0, "axis": "y", "origin": [7.92571, 11.59286, 7.25]},
			"faces": {
				"north": {"uv": [0, 0, 0.5, 0.75], "texture": "#1"},
				"east": {"uv": [0, 0, 0.5, 0.75], "texture": "#1"},
				"south": {"uv": [0, 0, 0.5, 0.75], "texture": "#1"},
				"west": {"uv": [0, 0, 0.5, 0.75], "texture": "#1"},
				"up": {"uv": [0, 0, 0.5, 0.75], "rotation": 180, "texture": "#1"},
				"down": {"uv": [0, 0, 0.5, 0.75], "rotation": 180, "texture": "#1"}
			}
		},
		{
			"name": "1",
			"from": [6.35143, 15.5, 6.25],
			"to": [9.35143, 16.5, 8.25],
			"rotation": {"angle": 0, "axis": "y", "origin": [7.92571, 11.59286, 7.25]},
			"faces": {
				"north": {"uv": [0, 0, 0.5, 0.5], "texture": "#1"},
				"east": {"uv": [0, 0, 0.5, 0.5], "texture": "#1"},
				"south": {"uv": [0, 0, 0.5, 0.5], "texture": "#1"},
				"west": {"uv": [0, 0, 0.5, 0.5], "texture": "#1"},
				"up": {"uv": [0, 0, 0.5, 0.5], "rotation": 180, "texture": "#1"},
				"down": {"uv": [0, 0, 0.5, 0.5], "rotation": 180, "texture": "#1"}
			}
		},
		{
			"name": "1",
			"from": [7.67427, 16.5, 6.30253],
			"to": [8.0721, 17.5, 8.30253],
			"rotation": {"angle": -45, "axis": "y", "origin": [7.92571, 11.59286, 7.25]},
			"faces": {
				"north": {"uv": [0, 0, 0.25, 0.25], "texture": "#1"},
				"east": {"uv": [0, 0, 0.25, 0.25], "texture": "#1"},
				"south": {"uv": [0, 0, 0.25, 0.25], "texture": "#1"},
				"west": {"uv": [0, 0, 0.25, 0.25], "texture": "#1"},
				"up": {"uv": [0, 0, 0.25, 0.25], "rotation": 180, "texture": "#1"},
				"down": {"uv": [0, 0, 0.25, 0.25], "rotation": 180, "texture": "#1"}
			}
		},
		{
			"name": "2",
			"from": [7.65817, 16.5, 6.27843],
			"to": [8.056, 17.5, 8.27843],
			"rotation": {"angle": -22.5, "axis": "y", "origin": [7.92571, 11.59286, 7.25]},
			"faces": {
				"north": {"uv": [0, 0, 0.25, 0.25], "texture": "#1"},
				"east": {"uv": [0, 0, 0.25, 0.25], "texture": "#1"},
				"south": {"uv": [0, 0, 0.25, 0.25], "texture": "#1"},
				"west": {"uv": [0, 0, 0.25, 0.25], "texture": "#1"},
				"up": {"uv": [0, 0, 0.25, 0.25], "rotation": 180, "texture": "#1"},
				"down": {"uv": [0, 0, 0.25, 0.25], "rotation": 180, "texture": "#1"}
			}
		},
		{
			"name": "3",
			"from": [7.65252, 16.5, 6.25],
			"to": [8.05034, 17.5, 8.25],
			"rotation": {"angle": 0, "axis": "y", "origin": [7.92571, 11.59286, 7.25]},
			"faces": {
				"north": {"uv": [0, 0, 0.25, 0.25], "texture": "#1"},
				"east": {"uv": [0, 0, 0.25, 0.25], "texture": "#1"},
				"south": {"uv": [0, 0, 0.25, 0.25], "texture": "#1"},
				"west": {"uv": [0, 0, 0.25, 0.25], "texture": "#1"},
				"up": {"uv": [0, 0, 0.25, 0.25], "rotation": 180, "texture": "#1"},
				"down": {"uv": [0, 0, 0.25, 0.25], "rotation": 180, "texture": "#1"}
			}
		},
		{
			"name": "4",
			"from": [7.65817, 16.5, 6.22157],
			"to": [8.056, 17.5, 8.22157],
			"rotation": {"angle": 22.5, "axis": "y", "origin": [7.92571, 11.59286, 7.25]},
			"faces": {
				"north": {"uv": [0, 0, 0.25, 0.25], "texture": "#1"},
				"east": {"uv": [0, 0, 0.25, 0.25], "texture": "#1"},
				"south": {"uv": [0, 0, 0.25, 0.25], "texture": "#1"},
				"west": {"uv": [0, 0, 0.25, 0.25], "texture": "#1"},
				"up": {"uv": [0, 0, 0.25, 0.25], "rotation": 180, "texture": "#1"},
				"down": {"uv": [0, 0, 0.25, 0.25], "rotation": 180, "texture": "#1"}
			}
		},
		{
			"name": "5",
			"from": [6.87319, 16.5, 7.10362],
			"to": [8.87319, 17.5, 7.50144],
			"rotation": {"angle": -45, "axis": "y", "origin": [7.92571, 11.59286, 7.25]},
			"faces": {
				"north": {"uv": [0, 0, 0.25, 0.25], "texture": "#1"},
				"east": {"uv": [0, 0, 0.25, 0.25], "texture": "#1"},
				"south": {"uv": [0, 0, 0.25, 0.25], "texture": "#1"},
				"west": {"uv": [0, 0, 0.25, 0.25], "texture": "#1"},
				"up": {"uv": [0, 0, 0.25, 0.25], "rotation": 90, "texture": "#1"},
				"down": {"uv": [0, 0, 0.25, 0.25], "rotation": 270, "texture": "#1"}
			}
		},
		{
			"name": "6",
			"from": [6.85708, 16.5, 7.07952],
			"to": [8.85708, 17.5, 7.47734],
			"rotation": {"angle": -22.5, "axis": "y", "origin": [7.92571, 11.59286, 7.25]},
			"faces": {
				"north": {"uv": [0, 0, 0.25, 0.25], "texture": "#1"},
				"east": {"uv": [0, 0, 0.25, 0.25], "texture": "#1"},
				"south": {"uv": [0, 0, 0.25, 0.25], "texture": "#1"},
				"west": {"uv": [0, 0, 0.25, 0.25], "texture": "#1"},
				"up": {"uv": [0, 0, 0.25, 0.25], "rotation": 180, "texture": "#1"},
				"down": {"uv": [0, 0, 0.25, 0.25], "rotation": 180, "texture": "#1"}
			}
		},
		{
			"name": "7",
			"from": [6.85143, 16.5, 7.05109],
			"to": [8.85143, 17.5, 7.44891],
			"rotation": {"angle": 0, "axis": "y", "origin": [7.92571, 11.59286, 7.25]},
			"faces": {
				"north": {"uv": [0, 0, 0.25, 0.25], "texture": "#1"},
				"east": {"uv": [0, 0, 0.25, 0.25], "texture": "#1"},
				"south": {"uv": [0, 0, 0.25, 0.25], "texture": "#1"},
				"west": {"uv": [0, 0, 0.25, 0.25], "texture": "#1"},
				"up": {"uv": [0, 0, 0.25, 0.25], "rotation": 180, "texture": "#1"},
				"down": {"uv": [0, 0, 0.25, 0.25], "rotation": 180, "texture": "#1"}
			}
		},
		{
			"name": "8",
			"from": [6.85708, 16.5, 7.02266],
			"to": [8.85708, 17.5, 7.42048],
			"rotation": {"angle": 22.5, "axis": "y", "origin": [7.92571, 11.59286, 7.25]},
			"faces": {
				"north": {"uv": [0, 0, 0.25, 0.25], "texture": "#1"},
				"east": {"uv": [0, 0, 0.25, 0.25], "texture": "#1"},
				"south": {"uv": [0, 0, 0.25, 0.25], "texture": "#1"},
				"west": {"uv": [0, 0, 0.25, 0.25], "texture": "#1"},
				"up": {"uv": [0, 0, 0.25, 0.25], "rotation": 180, "texture": "#1"},
				"down": {"uv": [0, 0, 0.25, 0.25], "rotation": 180, "texture": "#1"}
			}
		},
		{
			"name": "1",
			"from": [7.80857, 11.04082, 6.3],
			"to": [9.20857, 11.54082, 8.2],
			"rotation": {"angle": 45, "axis": "z", "origin": [8.02571, 11.69286, 7.25]},
			"faces": {
				"north": {"uv": [0, 0, 0.35, 0.125], "texture": "#0"},
				"east": {"uv": [0, 0, 0.475, 0.125], "texture": "#0"},
				"south": {"uv": [0, 0, 0.35, 0.125], "texture": "#0"},
				"west": {"uv": [0, 0, 0.475, 0.125], "texture": "#0"},
				"up": {"uv": [0, 0, 0.35, 0.475], "rotation": 180, "texture": "#0"},
				"down": {"uv": [0, 0, 0.35, 0.475], "rotation": 180, "texture": "#0"}
			}
		},
		{
			"name": "2",
			"from": [8.44496, 11.67721, 6.3],
			"to": [9.84496, 12.17721, 8.2],
			"rotation": {"angle": 45, "axis": "z", "origin": [8.02571, 11.69286, 7.25]},
			"faces": {
				"north": {"uv": [0, 0, 0.35, 0.125], "texture": "#0"},
				"east": {"uv": [0, 0, 0.475, 0.125], "texture": "#0"},
				"south": {"uv": [0, 0, 0.35, 0.125], "texture": "#0"},
				"west": {"uv": [0, 0, 0.475, 0.125], "texture": "#0"},
				"up": {"uv": [0, 0, 0.35, 0.475], "rotation": 180, "texture": "#0"},
				"down": {"uv": [0, 0, 0.35, 0.475], "rotation": 180, "texture": "#0"}
			}
		},
		{
			"name": "3",
			"from": [9.08136, 12.31361, 6.3],
			"to": [10.48136, 12.81361, 8.2],
			"rotation": {"angle": 45, "axis": "z", "origin": [8.02571, 11.69286, 7.25]},
			"faces": {
				"north": {"uv": [0, 0, 0.35, 0.125], "texture": "#0"},
				"east": {"uv": [0, 0, 0.475, 0.125], "texture": "#0"},
				"south": {"uv": [0, 0, 0.35, 0.125], "texture": "#0"},
				"west": {"uv": [0, 0, 0.475, 0.125], "texture": "#0"},
				"up": {"uv": [0, 0, 0.35, 0.475], "rotation": 180, "texture": "#0"},
				"down": {"uv": [0, 0, 0.35, 0.475], "rotation": 180, "texture": "#0"}
			}
		},
		{
			"name": "4",
			"from": [9.71776, 12.95, 6.3],
			"to": [11.11776, 13.45, 8.2],
			"rotation": {"angle": 45, "axis": "z", "origin": [8.02571, 11.69286, 7.25]},
			"faces": {
				"north": {"uv": [0, 0, 0.35, 0.125], "texture": "#0"},
				"east": {"uv": [0, 0, 0.475, 0.125], "texture": "#0"},
				"south": {"uv": [0, 0, 0.35, 0.125], "texture": "#0"},
				"west": {"uv": [0, 0, 0.475, 0.125], "texture": "#0"},
				"up": {"uv": [0, 0, 0.35, 0.475], "rotation": 180, "texture": "#0"},
				"down": {"uv": [0, 0, 0.35, 0.475], "rotation": 180, "texture": "#0"}
			}
		},
		{
			"name": "1",
			"from": [7.7, 8.5, 8.7],
			"to": [8.2, 9, 9.8],
			"rotation": {"angle": 0, "axis": "y", "origin": [15.7, 16, 16.8]},
			"faces": {
				"north": {"uv": [0, 0, 0.125, 0.125], "texture": "#0"},
				"east": {"uv": [0, 0, 0.275, 0.125], "texture": "#0"},
				"south": {"uv": [0, 0, 0.125, 0.125], "texture": "#0"},
				"west": {"uv": [0, 0, 0.275, 0.125], "texture": "#0"},
				"up": {"uv": [0, 0, 0.125, 0.275], "texture": "#0"},
				"down": {"uv": [0, 0, 0.125, 0.275], "texture": "#0"}
			}
		},
		{
			"name": "2",
			"from": [7.7, 9, 9.3],
			"to": [8.2, 10.5, 9.8],
			"rotation": {"angle": 0, "axis": "y", "origin": [15.2, 17, 17.4]},
			"faces": {
				"north": {"uv": [0, 0, 0.125, 0.375], "texture": "#0"},
				"east": {"uv": [0, 0, 0.125, 0.375], "texture": "#0"},
				"south": {"uv": [0, 0, 0.125, 0.375], "texture": "#0"},
				"west": {"uv": [0, 0, 0.125, 0.375], "texture": "#0"},
				"up": {"uv": [0, 0, 0.125, 0.125], "texture": "#0"},
				"down": {"uv": [0, 0, 0.125, 0.125], "texture": "#0"}
			}
		},
		{
			"name": "3",
			"from": [7.7, 10.5, 8.2],
			"to": [8.2, 11, 9.8],
			"rotation": {"angle": 0, "axis": "y", "origin": [15.2, 18.1, 17.4]},
			"faces": {
				"north": {"uv": [0, 0, 0.125, 0.125], "texture": "#0"},
				"east": {"uv": [0, 0, 0.4, 0.125], "texture": "#0"},
				"south": {"uv": [0, 0, 0.125, 0.125], "texture": "#0"},
				"west": {"uv": [0, 0, 0.4, 0.125], "texture": "#0"},
				"up": {"uv": [0, 0, 0.125, 0.4], "texture": "#0"},
				"down": {"uv": [0, 0, 0.125, 0.4], "texture": "#0"}
			}
		},
		{
			"name": "1",
			"from": [7.8, 8.6, 5.2],
			"to": [8.1, 8.9, 5.9],
			"rotation": {"angle": 0, "axis": "y", "origin": [15.7, 16.4, 12.3]},
			"faces": {
				"north": {"uv": [0, 0, 0.075, 0.075], "texture": "#0"},
				"east": {"uv": [0, 0, 0.175, 0.075], "texture": "#0"},
				"south": {"uv": [0, 0, 0.075, 0.075], "texture": "#0"},
				"west": {"uv": [0, 0, 0.175, 0.075], "texture": "#0"},
				"up": {"uv": [0, 0, 0.075, 0.175], "texture": "#0"},
				"down": {"uv": [0, 0, 0.075, 0.175], "texture": "#0"}
			}
		},
		{
			"name": "2",
			"from": [7.8, 8.9, 5.2],
			"to": [8.1, 9.5, 5.5],
			"rotation": {"angle": 0, "axis": "y", "origin": [15.7, 17, 13.2]},
			"faces": {
				"north": {"uv": [0, 0, 0.075, 0.15], "texture": "#0"},
				"east": {"uv": [0, 0, 0.075, 0.15], "texture": "#0"},
				"south": {"uv": [0, 0, 0.075, 0.15], "texture": "#0"},
				"west": {"uv": [0, 0, 0.075, 0.15], "texture": "#0"},
				"up": {"uv": [0, 0, 0.075, 0.075], "texture": "#0"},
				"down": {"uv": [0, 0, 0.075, 0.075], "texture": "#0"}
			}
		},
		{
			"name": "3",
			"from": [7.8, 9.5, 5.2],
			"to": [8.1, 9.8, 6.3],
			"rotation": {"angle": 0, "axis": "y", "origin": [15.8, 17.5, 13.2]},
			"faces": {
				"north": {"uv": [0, 0, 0.075, 0.075], "texture": "#0"},
				"east": {"uv": [0, 0, 0.275, 0.075], "texture": "#0"},
				"south": {"uv": [0, 0, 0.075, 0.075], "texture": "#0"},
				"west": {"uv": [0, 0, 0.275, 0.075], "texture": "#0"},
				"up": {"uv": [0, 0, 0.075, 0.275], "texture": "#0"},
				"down": {"uv": [0, 0, 0.075, 0.275], "texture": "#0"}
			}
		},
		{
			"name": "1",
			"from": [7.85, 17, 7.68],
			"to": [8.15, 20.5, 8.18],
			"rotation": {"angle": 0, "axis": "y", "origin": [15.8, 25, 15.45]},
			"faces": {
				"north": {"uv": [0, 0, 0.075, 0.875], "texture": "#1"},
				"east": {"uv": [0, 0, 0.125, 0.875], "texture": "#1"},
				"south": {"uv": [0, 0, 0.075, 0.875], "texture": "#1"},
				"west": {"uv": [0, 0, 0.125, 0.875], "texture": "#1"},
				"up": {"uv": [0, 0, 0.075, 0.125], "texture": "#1"},
				"down": {"uv": [0, 0, 0.075, 0.125], "texture": "#1"}
			}
		},
		{
			"name": "2",
			"from": [7.85, 20.5, 7.68],
			"to": [8.15, 21, 8.18],
			"rotation": {"angle": 0, "axis": "y", "origin": [15.25, 28.5, 15.25]},
			"faces": {
				"east": {"uv": [5.5, 0, 16, 8], "rotation": 90, "texture": "#2", "cullface": "east"},
				"west": {"uv": [5.5, 0, 16, 8], "rotation": 180, "texture": "#2", "cullface": "east"}
			}
		},
		{
			"name": "1",
			"from": [7.85, 17.5, 6.25],
			"to": [8.15, 19.5, 6.75],
			"rotation": {"angle": 0, "axis": "y", "origin": [15.9, 25.5, 14.25]},
			"faces": {
				"north": {"uv": [0, 0, 0.075, 0.5], "texture": "#1"},
				"east": {"uv": [0, 0, 0.125, 0.5], "texture": "#1"},
				"south": {"uv": [0, 0, 0.075, 0.5], "texture": "#1"},
				"west": {"uv": [0, 0, 0.125, 0.5], "texture": "#1"},
				"up": {"uv": [0, 0, 0.075, 0.125], "texture": "#1"},
				"down": {"uv": [0, 0, 0.075, 0.125], "texture": "#1"}
			}
		},
		{
			"name": "2",
			"from": [7.85, 19.5, 6.25],
			"to": [8.15, 20, 6.75],
			"rotation": {"angle": 0, "axis": "y", "origin": [7.5, 25, 12.25]},
			"faces": {
				"east": {"uv": [5.5, 0, 16, 8], "rotation": 180, "texture": "#2"},
				"west": {"uv": [5.5, 0, 16, 8], "rotation": 90, "texture": "#2"}
			}
		}
	],
	"display": {},
	"groups": [
		{
			"name": "zongti",
			"origin": [8, 8, 8],
			"children": [
				{
					"name": "daobing",
					"origin": [8, 8, 8],
					"children": [0, 1, 2, 3]
				},
				{
					"name": "huan",
					"origin": [8, 8, 8],
					"children": [4, 5, 6, 7, 8, 9, 10, 11, 12, 13, 14, 15, 16, 17, 18, 19]
				},
				{
					"name": "zhuti",
					"origin": [8, 8, 8],
					"children": [
						{
							"name": "dibu",
							"origin": [8, 8, 8],
							"children": [20]
						},
						{
							"name": "zhuyao",
							"origin": [8, 8, 8],
							"children": [21]
						},
						{
							"name": "dingbu",
							"origin": [8, 8, 8],
							"children": [22]
						},
						{
							"name": "jiandi",
							"origin": [8, 8, 8],
							"children": [23, 24, 25, 26, 27, 28, 29, 30]
						},
						{
							"name": "bian",
							"origin": [8, 8, 8],
							"children": [31, 32, 33, 34]
						}
					]
				},
				{
					"name": "guandao",
					"origin": [8, 8, 8],
					"children": [
						{
							"name": "chang",
							"origin": [8, 8, 8],
							"children": [35, 36, 37]
						},
						{
							"name": "duan",
							"origin": [8, 8, 8],
							"children": [38, 39, 40]
						}
					]
				},
				{
					"name": "jian",
					"origin": [8, 8, 8],
					"children": [
						{
							"name": "gaojian",
							"origin": [8, 8, 8],
							"children": [41, 42]
						},
						{
							"name": "aijian",
							"origin": [8, 8, 8],
							"children": [43, 44]
						}
					]
				}
			]
		}
	]
}
#本包由镜像工作室：Nightmare Abyss 制作组，侵权必究！
#This package is produced by Mirror Studio: Nightmare Abyss. Infringement will be investigated!