﻿{
    "wrench": {
    "sounds": [
      {
        "name": "wrench",
        "stream": true
      }
    ]
  },
    "athena": {
    "sounds": [
      {
        "name": "athena",
        "stream": true
      }
    ]
  },
    "sea": {
    "sounds": [
      {
        "name": "sea",
        "stream": true
      }
    ]
  },
    "siha": {
    "sounds": [
      {
        "name": "siha",
        "stream": true
      }
    ]
  },
    "break_clock": {
    "sounds": [
      {
        "name": "break_clock",
        "stream": true
      }
    ]
  },
    "ququ": {
    "sounds": [
      {
        "name": "ququ",
        "stream": true
      }
    ]
  },
    "use_clock": {
    "sounds": [
      {
        "name": "use_clock",
        "stream": true
      }
    ]
  },
    "suolian": {
    "sounds": [
      {
        "name": "suolian",
        "stream": true
      }
    ]
  },
    "soultear": {
    "sounds": [
      {
        "name": "soultear",
        "stream": true
      }
    ]
  },
    "huhuan": {
    "sounds": [
      {
        "name": "huhuan",
        "stream": true
      }
    ]
  },
      "air": {
    "sounds": [
      {
        "name": "air",
        "stream": true
      }
    ]
  },
      "comeback": {
    "sounds": [
      {
        "name": "comeback",
        "stream": true
      }
    ]
  },
      "fire": {
    "sounds": [
      {
        "name": "fire",
        "stream": true
      }
    ]
  },
      "ladashuan": {
    "sounds": [
      {
        "name": "ladashuan",
        "stream": true
      }
    ]
  },
      "light": {
    "sounds": [
      {
        "name": "light",
        "stream": true
      }
    ]
  },
      "mrfz": {
    "sounds": [
      {
        "name": "mrfz",
        "stream": true
      }
    ]
  },
        "bolahegang2": {
    "sounds": [
      {
        "name": "bolahegang2",
        "stream": true
      }
    ]
  },
        "abyssbook": {
    "sounds": [
      {
        "name": "abyssbook",
        "stream": true
      }
    ]
  },
        "blessing": {
    "sounds": [
      {
        "name": "blessing",
        "stream": true
      }
    ]
  },
        "wrench_repair": {
    "sounds": [
      {
        "name": "wrench_repair",
        "stream": true
      }
    ]
  },
          "qin_gongji": {
    "sounds": [
      {
        "name": "qin_gongji",
        "stream": true
      }
    ]
  },
          "qin_houyao": {
    "sounds": [
      {
        "name": "qin_houyao",
        "stream": true
      }
    ]
  },
          "qin_qianyao": {
    "sounds": [
      {
        "name": "qin_qianyao",
        "stream": true
      }
    ]
  },
            "dazhong": {
    "sounds": [
      {
        "name": "dazhong",
        "stream": true
      }
    ]
  },
            "zhongju": {
    "sounds": [
      {
        "name": "zhongju",
        "stream": true
      }
    ]
  },
            "biaji": {
    "sounds": [
      {
        "name": "biaji",
        "stream": true
      }
    ]
  },
            "kuang": {
    "sounds": [
      {
        "name": "kuang",
        "stream": true
      }
    ]
  },
            "shani": {
    "sounds": [
      {
        "name": "shani",
        "stream": true
      }
    ]
  },
            "stop": {
    "sounds": [
      {
        "name": "stop",
        "stream": true
      }
    ]
  },
            "xjyh": {
    "sounds": [
      {
        "name": "xjyh",
        "stream": true
      }
    ]
  },
            "zhdwc1": {
    "sounds": [
      {
        "name": "zhdwc1",
        "stream": true
      }
    ]
  },
            "zhdwc2": {
    "sounds": [
      {
        "name": "zhdwc2",
        "stream": true
      }
    ]
  },
            "bwg1": {
    "sounds": [
      {
        "name": "bwg1",
        "stream": true
      }
    ]
  },
            "bwg2": {
    "sounds": [
      {
        "name": "bwg2",
        "stream": true
      }
    ]
  },
              "cn3": {
    "sounds": [
      {
        "name": "cn3",
        "stream": true
      }
    ]
  },
              "cn6": {
    "sounds": [
      {
        "name": "cn6",
        "stream": true
      }
    ]
  },
              "lj": {
    "sounds": [
      {
        "name": "lj",
        "stream": true
      }
    ]
  },
              "ljf": {
    "sounds": [
      {
        "name": "ljf",
        "stream": true
      }
    ]
  },
              "nmxx": {
    "sounds": [
      {
        "name": "nmxx",
        "stream": true
      }
    ]
  },
              "xcm": {
    "sounds": [
      {
        "name": "xcm",
        "stream": true
      }
    ]
  },
              "xznm": {
    "sounds": [
      {
        "name": "xznm",
        "stream": true
      }
    ]
  },
              "yzww": {
    "sounds": [
      {
        "name": "yzww",
        "stream": true
      }
    ]
  },
                "sorry": {
    "sounds": [
      {
        "name": "sorry",
        "stream": true
      }
    ]
  },
                "k_wsm": {
    "sounds": [
      {
        "name": "k_wsm",
        "stream": true
      }
    ]
  },
                "ling_dianliao": {
    "sounds": [
      {
        "name": "ling_dianliao",
        "stream": true
      }
    ]
  },
                "ling_dianyong": {
    "sounds": [
      {
        "name": "ling_dianyong",
        "stream": true
      }
    ]
  },
                "pt_dianliao": {
    "sounds": [
      {
        "name": "pt_dianliao",
        "stream": true
      }
    ]
  },
                "pt_dianyong": {
    "sounds": [
      {
        "name": "pt_dianyong",
        "stream": true
      }
    ]
  }
}
#本包由镜像工作室：Nightmare Abyss 制作组，侵权必究！
#This package is produced by Mirror Studio: Nightmare Abyss. Infringement will be investigated!