{"stats":{"minecraft:killed":{"minecraft:cat":1,"minecraft:villager":2,"minecraft:cow":2},"minecraft:used":{"minecraft:sea_lantern":25,"minecraft:oak_fence":2,"minecraft:torch":4,"minecraft:black_concrete":2,"minecraft:command_block":9,"minecraft:written_book":38,"minecraft:oak_planks":3,"minecraft:iron_sword":30,"minecraft:structure_void":3,"minecraft:blue_concrete":1,"minecraft:experience_bottle":64},"minecraft:dropped":{"minecraft:iron_sword":1,"minecraft:white_dye":14,"minecraft:magenta_dye":14,"minecraft:orange_dye":13,"minecraft:ghast_tear":1,"minecraft:gold_ingot":7},"minecraft:killed_by":{"minecraft:player":6},"minecraft:picked_up":{"minecraft:ghast_tear":1,"minecraft:leather":4,"minecraft:beef":5,"minecraft:magenta_dye":1,"minecraft:gold_ingot":11,"minecraft:iron_sword":1},"minecraft:custom":{"minecraft:open_chest":27,"minecraft:time_since_rest":143,"minecraft:play_one_minute":357014,"minecraft:crouch_one_cm":12123,"minecraft:sprint_one_cm":142779,"minecraft:damage_taken":5275,"minecraft:deaths":42,"minecraft:walk_one_cm":188887,"minecraft:sneak_time":2586,"minecraft:mob_kills":5,"minecraft:drop":50,"minecraft:jump":586,"minecraft:damage_dealt":4340,"minecraft:leave_game":10,"minecraft:time_since_death":123,"minecraft:interact_with_beacon":2,"minecraft:fall_one_cm":9628,"minecraft:fly_one_cm":180766,"minecraft:player_kills":9}},"DataVersion":2584}