{
	"parent": "block/block",
	"textures": {
		"0": "block/glass",
		"1": "block/black_concrete",
		"2": "block/iron_block",
		"3": "block/anvil",
		"4": "block/white_stained_glass",
		"5": "block/composter_bottom",
		"6": "block/dark_oak_trapdoor",
		"particle": "block/glass"
	},
	"elements": [
		{
			"from": [5, 3, 0],
			"to": [11, 4, 16],
			"faces": {
				"north": {"uv": [0, 0, 6, 1], "texture": "#3"},
				"east": {"uv": [0, 0, 16, 1], "texture": "#3"},
				"south": {"uv": [0, 0, 6, 1], "texture": "#3"},
				"west": {"uv": [0, 0, 16, 1], "texture": "#3"},
				"up": {"uv": [0, 0, 16, 6], "rotation": 90, "texture": "#3"},
				"down": {"uv": [0, 0, 16, 6], "rotation": 270, "texture": "#3"}
			}
		},
		{
			"from": [4, 4, -6],
			"to": [12, 5, 23],
			"faces": {
				"north": {"uv": [0, 0, 8, 1], "texture": "#1"},
				"east": {"uv": [0, 0, 16, 1], "texture": "#1"},
				"south": {"uv": [0, 0, 8, 1], "texture": "#1"},
				"west": {"uv": [0, 0, 16, 1], "texture": "#1"},
				"up": {"uv": [0, 0, 16, 8], "rotation": 90, "texture": "#1"},
				"down": {"uv": [0, 0, 16, 8], "rotation": 270, "texture": "#1"}
			}
		},
		{
			"from": [1, 4, 4],
			"to": [3, 5, 12],
			"faces": {
				"north": {"uv": [0, 0, 2, 1], "texture": "#1"},
				"east": {"uv": [0, 0, 8, 1], "texture": "#1"},
				"south": {"uv": [0, 0, 2, 1], "texture": "#1"},
				"west": {"uv": [0, 0, 8, 1], "texture": "#1"},
				"up": {"uv": [0, 0, 8, 2], "rotation": 90, "texture": "#1"},
				"down": {"uv": [0, 0, 8, 2], "rotation": 270, "texture": "#1"}
			}
		},
		{
			"from": [13, 4, 4],
			"to": [15, 5, 12],
			"faces": {
				"north": {"uv": [0, 0, 2, 1], "texture": "#1"},
				"east": {"uv": [0, 0, 8, 1], "texture": "#1"},
				"south": {"uv": [0, 0, 2, 1], "texture": "#1"},
				"west": {"uv": [0, 0, 8, 1], "texture": "#1"},
				"up": {"uv": [0, 0, 8, 2], "rotation": 90, "texture": "#1"},
				"down": {"uv": [0, 0, 8, 2], "rotation": 270, "texture": "#1"}
			}
		},
		{
			"from": [6, 3, 16],
			"to": [10, 4, 23],
			"faces": {
				"north": {"uv": [0, 0, 4, 1], "texture": "#3"},
				"east": {"uv": [0, 0, 7, 1], "texture": "#3"},
				"south": {"uv": [0, 0, 4, 1], "texture": "#3"},
				"west": {"uv": [0, 0, 7, 1], "texture": "#3"},
				"up": {"uv": [0, 0, 7, 4], "rotation": 90, "texture": "#3"},
				"down": {"uv": [0, 0, 7, 4], "rotation": 270, "texture": "#3"}
			}
		},
		{
			"from": [6, 3, -7],
			"to": [10, 4, 0],
			"faces": {
				"north": {"uv": [0, 0, 4, 1], "texture": "#3"},
				"east": {"uv": [0, 0, 7, 1], "texture": "#3"},
				"south": {"uv": [0, 0, 4, 1], "texture": "#3"},
				"west": {"uv": [0, 0, 7, 1], "texture": "#3"},
				"up": {"uv": [0, 0, 7, 4], "rotation": 90, "texture": "#3"},
				"down": {"uv": [0, 0, 7, 4], "rotation": 270, "texture": "#3"}
			}
		},
		{
			"from": [2, 3, 17],
			"to": [14, 4, 19],
			"faces": {
				"north": {"uv": [0, 0, 12, 1], "texture": "#3"},
				"east": {"uv": [0, 0, 2, 1], "texture": "#3"},
				"south": {"uv": [0, 0, 12, 1], "texture": "#3"},
				"west": {"uv": [0, 0, 2, 1], "texture": "#3"},
				"up": {"uv": [0, 0, 2, 12], "rotation": 90, "texture": "#3"},
				"down": {"uv": [0, 0, 2, 12], "rotation": 270, "texture": "#3"}
			}
		},
		{
			"from": [0, 3, -8],
			"to": [16, 4, -7],
			"faces": {
				"north": {"uv": [0, 0, 16, 1], "texture": "#2"},
				"east": {"uv": [0, 0, 1, 1], "texture": "#2"},
				"south": {"uv": [0, 0, 16, 1], "texture": "#2"},
				"west": {"uv": [0, 0, 1, 1], "texture": "#2"},
				"up": {"uv": [0, 0, 1, 16], "rotation": 90, "texture": "#2"},
				"down": {"uv": [0, 0, 1, 16], "rotation": 270, "texture": "#2"}
			}
		},
		{
			"from": [0, 3, 23],
			"to": [16, 4, 24],
			"faces": {
				"north": {"uv": [0, 0, 16, 1], "texture": "#1"},
				"east": {"uv": [0, 0, 1, 1], "texture": "#1"},
				"south": {"uv": [0, 0, 16, 1], "texture": "#1"},
				"west": {"uv": [0, 0, 1, 1], "texture": "#1"},
				"up": {"uv": [0, 0, 1, 16], "rotation": 90, "texture": "#1"},
				"down": {"uv": [0, 0, 1, 16], "rotation": 270, "texture": "#1"}
			}
		},
		{
			"from": [2, 3, -3],
			"to": [14, 4, -1],
			"faces": {
				"north": {"uv": [0, 0, 12, 1], "texture": "#3"},
				"east": {"uv": [0, 0, 2, 1], "texture": "#3"},
				"south": {"uv": [0, 0, 12, 1], "texture": "#3"},
				"west": {"uv": [0, 0, 2, 1], "texture": "#3"},
				"up": {"uv": [0, 0, 2, 12], "rotation": 90, "texture": "#3"},
				"down": {"uv": [0, 0, 2, 12], "rotation": 270, "texture": "#3"}
			}
		},
		{
			"from": [6, 4, -7],
			"to": [10, 6, -4],
			"faces": {
				"north": {"uv": [0, 0, 4, 2], "texture": "#2"},
				"east": {"uv": [0, 0, 3, 2], "texture": "#2"},
				"south": {"uv": [0, 0, 4, 2], "texture": "#2"},
				"west": {"uv": [0, 0, 3, 2], "texture": "#2"},
				"up": {"uv": [0, 0, 3, 4], "rotation": 90, "texture": "#2"},
				"down": {"uv": [0, 0, 3, 4], "rotation": 270, "texture": "#2"}
			}
		},
		{
			"from": [6, 12, -7],
			"to": [10, 13, 0],
			"faces": {
				"north": {"uv": [0, 0, 4, 1], "texture": "#2"},
				"east": {"uv": [0, 0, 7, 1], "texture": "#1"},
				"south": {"uv": [0, 0, 4, 1], "texture": "#1"},
				"west": {"uv": [0, 0, 7, 1], "texture": "#1"},
				"up": {"uv": [0, 0, 7, 4], "rotation": 90, "texture": "#1"},
				"down": {"uv": [0, 0, 7, 4], "rotation": 270, "texture": "#1"}
			}
		},
		{
			"from": [4, 12, 0],
			"to": [12, 13, 5],
			"faces": {
				"north": {"uv": [0, 0, 8, 1], "texture": "#1"},
				"east": {"uv": [0, 0, 5, 1], "texture": "#1"},
				"south": {"uv": [0, 0, 8, 1], "texture": "#1"},
				"west": {"uv": [0, 0, 5, 1], "texture": "#1"},
				"up": {"uv": [0, 0, 5, 8], "rotation": 90, "texture": "#1"},
				"down": {"uv": [0, 0, 5, 8], "rotation": 270, "texture": "#1"}
			}
		},
		{
			"from": [5, 6, -8],
			"to": [11, 12, -3],
			"faces": {
				"north": {"uv": [0, 0, 6, 6], "texture": "#2"},
				"east": {"uv": [0, 0, 5, 6], "texture": "#1"},
				"south": {"uv": [0, 0, 6, 6], "texture": "#2"},
				"west": {"uv": [0, 0, 5, 6], "texture": "#1"},
				"up": {"uv": [0, 0, 5, 6], "rotation": 90, "texture": "#2"},
				"down": {"uv": [0, 0, 5, 6], "rotation": 270, "texture": "#2"}
			}
		},
		{
			"from": [0, 5, -8],
			"to": [3, 10, -7],
			"faces": {
				"north": {"uv": [0, 0, 3, 5], "texture": "#1"},
				"east": {"uv": [0, 0, 1, 5], "texture": "#1"},
				"south": {"uv": [0, 0, 3, 5], "texture": "#1"},
				"west": {"uv": [0, 0, 1, 5], "texture": "#1"},
				"up": {"uv": [0, 0, 1, 3], "rotation": 90, "texture": "#1"},
				"down": {"uv": [0, 0, 1, 3], "rotation": 270, "texture": "#1"}
			}
		},
		{
			"from": [1, 4, 3],
			"to": [3, 11, 4],
			"faces": {
				"north": {"uv": [0, 0, 2, 7], "texture": "#1"},
				"east": {"uv": [0, 0, 1, 7], "texture": "#1"},
				"south": {"uv": [0, 0, 2, 7], "texture": "#1"},
				"west": {"uv": [0, 0, 1, 7], "texture": "#1"},
				"up": {"uv": [0, 0, 1, 2], "rotation": 90, "texture": "#1"},
				"down": {"uv": [0, 0, 1, 2], "rotation": 270, "texture": "#1"}
			}
		},
		{
			"from": [3, 5, 3],
			"to": [13, 11, 4],
			"faces": {
				"north": {"uv": [0, 0, 10, 6], "texture": "#1"},
				"east": {"uv": [0, 0, 1, 6], "texture": "#1"},
				"south": {"uv": [0, 0, 10, 6], "texture": "#1"},
				"west": {"uv": [0, 0, 1, 6], "texture": "#1"},
				"up": {"uv": [0, 0, 1, 10], "rotation": 90, "texture": "#1"},
				"down": {"uv": [0, 0, 1, 10], "rotation": 270, "texture": "#1"}
			}
		},
		{
			"from": [0, 4, 23],
			"to": [3, 10, 24],
			"faces": {
				"north": {"uv": [0, 0, 3, 6], "texture": "#1"},
				"east": {"uv": [0, 0, 1, 6], "texture": "#1"},
				"south": {"uv": [0, 0, 3, 6], "texture": "#1"},
				"west": {"uv": [0, 0, 1, 6], "texture": "#1"},
				"up": {"uv": [0, 0, 1, 3], "rotation": 90, "texture": "#1"},
				"down": {"uv": [0, 0, 1, 3], "rotation": 270, "texture": "#1"}
			}
		},
		{
			"from": [13, 4, 23],
			"to": [16, 10, 24],
			"faces": {
				"north": {"uv": [0, 0, 3, 6], "texture": "#1"},
				"east": {"uv": [0, 0, 1, 6], "texture": "#1"},
				"south": {"uv": [0, 0, 3, 6], "texture": "#1"},
				"west": {"uv": [0, 0, 1, 6], "texture": "#1"},
				"up": {"uv": [0, 0, 1, 3], "rotation": 90, "texture": "#1"},
				"down": {"uv": [0, 0, 1, 3], "rotation": 270, "texture": "#1"}
			}
		},
		{
			"from": [4, 5, 22],
			"to": [12, 9, 23],
			"faces": {
				"north": {"uv": [0, 0, 8, 4], "texture": "#1"},
				"east": {"uv": [0, 0, 1, 4], "texture": "#1"},
				"south": {"uv": [0, 0, 8, 4], "texture": "#1"},
				"west": {"uv": [0, 0, 1, 4], "texture": "#1"},
				"up": {"uv": [0, 0, 1, 8], "rotation": 90, "texture": "#1"},
				"down": {"uv": [0, 0, 1, 8], "rotation": 270, "texture": "#1"}
			}
		},
		{
			"from": [5, 5, 13],
			"to": [11, 14, 14],
			"faces": {
				"north": {"uv": [4, 5, 13, 11], "rotation": 90, "texture": "#5"},
				"east": {"uv": [0, 0, 1, 9], "texture": "#5"},
				"south": {"uv": [4, 5, 13, 11], "rotation": 90, "texture": "#5"},
				"west": {"uv": [0, 0, 1, 9], "texture": "#5"},
				"up": {"uv": [0, 0, 1, 6], "rotation": 90, "texture": "#5"},
				"down": {"uv": [0, 0, 1, 6], "rotation": 270, "texture": "#5"}
			}
		},
		{
			"from": [5, 5, 7],
			"to": [11, 6, 13],
			"faces": {
				"north": {"uv": [0, 0, 6, 1], "texture": "#1"},
				"east": {"uv": [0, 0, 6, 1], "texture": "#1"},
				"south": {"uv": [0, 0, 6, 1], "texture": "#1"},
				"west": {"uv": [0, 0, 6, 1], "texture": "#1"},
				"up": {"uv": [1, 1, 7, 7], "texture": "#6"},
				"down": {"uv": [0, 0, 6, 6], "rotation": 270, "texture": "#1"}
			}
		},
		{
			"from": [0, 10, 3],
			"to": [16, 11, 4],
			"rotation": {"angle": 22.5, "axis": "x", "origin": [8, 8, 8]},
			"faces": {
				"north": {"uv": [0, 0, 16, 1], "texture": "#2"},
				"east": {"uv": [0, 0, 1, 1], "texture": "#2"},
				"south": {"uv": [0, 0, 16, 1], "texture": "#2"},
				"west": {"uv": [0, 0, 1, 1], "texture": "#2"},
				"up": {"uv": [0, 0, 1, 16], "rotation": 90, "texture": "#2"},
				"down": {"uv": [0, 0, 1, 16], "rotation": 270, "texture": "#2"}
			}
		},
		{
			"from": [7, 11, 3],
			"to": [9, 16, 4],
			"rotation": {"angle": 22.5, "axis": "x", "origin": [8, 8, 8]},
			"faces": {
				"north": {"uv": [0, 0, 2, 5], "texture": "#2"},
				"east": {"uv": [0, 0, 1, 5], "texture": "#2"},
				"south": {"uv": [0, 0, 2, 5], "texture": "#2"},
				"west": {"uv": [0, 0, 1, 5], "texture": "#2"},
				"up": {"uv": [0, 0, 1, 2], "rotation": 90, "texture": "#2"},
				"down": {"uv": [0, 0, 1, 2], "rotation": 270, "texture": "#2"}
			}
		},
		{
			"from": [9, 11, 3],
			"to": [15, 15, 4],
			"rotation": {"angle": 22.5, "axis": "x", "origin": [8, 8, 8]},
			"faces": {
				"north": {"uv": [1, 1, 7, 5], "texture": "#0"},
				"east": {"uv": [0, 0, 1, 4], "texture": "#0"},
				"south": {"uv": [1, 1, 7, 5], "texture": "#0"},
				"west": {"uv": [0, 0, 1, 4], "texture": "#0"},
				"up": {"uv": [0, 0, 1, 6], "rotation": 90, "texture": "#0"},
				"down": {"uv": [0, 0, 1, 6], "rotation": 270, "texture": "#0"}
			}
		},
		{
			"from": [1, 11, 3],
			"to": [7, 15, 4],
			"rotation": {"angle": 22.5, "axis": "x", "origin": [8, 8, 8]},
			"faces": {
				"north": {"uv": [1, 1, 7, 5], "texture": "#0"},
				"east": {"uv": [0, 0, 1, 4], "texture": "#0"},
				"south": {"uv": [1, 1, 7, 5], "texture": "#0"},
				"west": {"uv": [0, 0, 1, 4], "texture": "#0"},
				"up": {"uv": [0, 0, 1, 6], "rotation": 90, "texture": "#0"},
				"down": {"uv": [0, 0, 1, 6], "rotation": 270, "texture": "#0"}
			}
		},
		{
			"from": [0, 11, 3],
			"to": [1, 16, 4],
			"rotation": {"angle": 22.5, "axis": "x", "origin": [8, 8, 8]},
			"faces": {
				"north": {"uv": [0, 0, 1, 5], "texture": "#2"},
				"east": {"uv": [0, 0, 1, 5], "texture": "#2"},
				"south": {"uv": [0, 0, 1, 5], "texture": "#2"},
				"west": {"uv": [0, 0, 1, 5], "texture": "#2"},
				"up": {"uv": [0, 0, 1, 1], "rotation": 90, "texture": "#2"},
				"down": {"uv": [0, 0, 1, 1], "rotation": 270, "texture": "#2"}
			}
		},
		{
			"from": [15, 11, 3],
			"to": [16, 16, 4],
			"rotation": {"angle": 22.5, "axis": "x", "origin": [8, 8, 8]},
			"faces": {
				"north": {"uv": [0, 0, 1, 5], "texture": "#2"},
				"east": {"uv": [0, 0, 1, 5], "texture": "#2"},
				"south": {"uv": [0, 0, 1, 5], "texture": "#2"},
				"west": {"uv": [0, 0, 1, 5], "texture": "#2"},
				"up": {"uv": [0, 0, 1, 1], "rotation": 90, "texture": "#2"},
				"down": {"uv": [0, 0, 1, 1], "rotation": 270, "texture": "#2"}
			}
		},
		{
			"from": [13, 4, 3],
			"to": [15, 11, 4],
			"faces": {
				"north": {"uv": [0, 0, 2, 7], "texture": "#1"},
				"east": {"uv": [0, 0, 1, 7], "texture": "#1"},
				"south": {"uv": [0, 0, 2, 7], "texture": "#1"},
				"west": {"uv": [0, 0, 1, 7], "texture": "#1"},
				"up": {"uv": [0, 0, 1, 2], "rotation": 90, "texture": "#1"},
				"down": {"uv": [0, 0, 1, 2], "rotation": 270, "texture": "#1"}
			}
		},
		{
			"from": [1, 4, 12],
			"to": [3, 11, 13],
			"faces": {
				"north": {"uv": [0, 0, 2, 7], "texture": "#1"},
				"east": {"uv": [0, 0, 1, 7], "texture": "#1"},
				"south": {"uv": [0, 0, 2, 7], "texture": "#1"},
				"west": {"uv": [0, 0, 1, 7], "texture": "#1"},
				"up": {"uv": [0, 0, 1, 2], "rotation": 90, "texture": "#1"},
				"down": {"uv": [0, 0, 1, 2], "rotation": 270, "texture": "#1"}
			}
		},
		{
			"from": [13, 4, 12],
			"to": [15, 11, 13],
			"faces": {
				"north": {"uv": [0, 0, 2, 7], "texture": "#1"},
				"east": {"uv": [0, 0, 1, 7], "texture": "#1"},
				"south": {"uv": [0, 0, 2, 7], "texture": "#1"},
				"west": {"uv": [0, 0, 1, 7], "texture": "#1"},
				"up": {"uv": [0, 0, 1, 2], "rotation": 90, "texture": "#1"},
				"down": {"uv": [0, 0, 1, 2], "rotation": 270, "texture": "#1"}
			}
		},
		{
			"from": [10, 4, -7],
			"to": [13, 9, -6],
			"faces": {
				"north": {"uv": [0, 0, 3, 5], "texture": "#1"},
				"east": {"uv": [0, 0, 1, 5], "texture": "#1"},
				"south": {"uv": [0, 0, 3, 5], "texture": "#1"},
				"west": {"uv": [0, 0, 1, 5], "texture": "#1"},
				"up": {"uv": [0, 0, 1, 3], "rotation": 90, "texture": "#1"},
				"down": {"uv": [0, 0, 1, 3], "rotation": 270, "texture": "#1"}
			}
		},
		{
			"from": [3, 4, -7],
			"to": [6, 9, -6],
			"faces": {
				"north": {"uv": [0, 0, 3, 5], "texture": "#1"},
				"east": {"uv": [0, 0, 1, 5], "texture": "#1"},
				"south": {"uv": [0, 0, 3, 5], "texture": "#1"},
				"west": {"uv": [0, 0, 1, 5], "texture": "#1"},
				"up": {"uv": [0, 0, 1, 3], "rotation": 90, "texture": "#1"},
				"down": {"uv": [0, 0, 1, 3], "rotation": 270, "texture": "#1"}
			}
		},
		{
			"from": [0, 10, -7],
			"to": [3, 11, 3],
			"faces": {
				"north": {"uv": [0, 0, 3, 1], "texture": "#1"},
				"east": {"uv": [0, 0, 10, 1], "texture": "#1"},
				"south": {"uv": [0, 0, 3, 1], "texture": "#1"},
				"west": {"uv": [0, 0, 10, 1], "texture": "#1"},
				"up": {"uv": [0, 0, 10, 3], "rotation": 90, "texture": "#1"},
				"down": {"uv": [0, 0, 10, 3], "rotation": 270, "texture": "#1"}
			}
		},
		{
			"from": [0, 11, 1],
			"to": [16, 12, 5],
			"faces": {
				"north": {"uv": [0, 0, 16, 1], "texture": "#1"},
				"east": {"uv": [0, 0, 4, 1], "texture": "#1"},
				"south": {"uv": [0, 0, 16, 1], "texture": "#1"},
				"west": {"uv": [0, 0, 4, 1], "texture": "#1"},
				"up": {"uv": [0, 0, 4, 16], "rotation": 90, "texture": "#1"},
				"down": {"uv": [0, 0, 4, 16], "rotation": 270, "texture": "#1"}
			}
		},
		{
			"from": [2, 11, -1],
			"to": [14, 12, 1],
			"faces": {
				"north": {"uv": [0, 0, 12, 1], "texture": "#1"},
				"east": {"uv": [0, 0, 2, 1], "texture": "#1"},
				"south": {"uv": [0, 0, 12, 1], "texture": "#1"},
				"west": {"uv": [0, 0, 2, 1], "texture": "#1"},
				"up": {"uv": [0, 0, 2, 12], "rotation": 90, "texture": "#1"},
				"down": {"uv": [0, 0, 2, 12], "rotation": 270, "texture": "#1"}
			}
		},
		{
			"from": [4, 11, -3],
			"to": [12, 12, -1],
			"faces": {
				"north": {"uv": [0, 0, 8, 1], "texture": "#1"},
				"east": {"uv": [0, 0, 2, 1], "texture": "#1"},
				"south": {"uv": [0, 0, 8, 1], "texture": "#1"},
				"west": {"uv": [0, 0, 2, 1], "texture": "#1"},
				"up": {"uv": [0, 0, 2, 8], "rotation": 90, "texture": "#1"},
				"down": {"uv": [0, 0, 2, 8], "rotation": 270, "texture": "#1"}
			}
		},
		{
			"from": [13, 10, -7],
			"to": [16, 11, 3],
			"faces": {
				"north": {"uv": [0, 0, 3, 1], "texture": "#1"},
				"east": {"uv": [0, 0, 10, 1], "texture": "#1"},
				"south": {"uv": [0, 0, 3, 1], "texture": "#1"},
				"west": {"uv": [0, 0, 10, 1], "texture": "#1"},
				"up": {"uv": [0, 0, 10, 3], "rotation": 90, "texture": "#1"},
				"down": {"uv": [0, 0, 10, 3], "rotation": 270, "texture": "#1"}
			}
		},
		{
			"from": [3, 10, -3],
			"to": [13, 11, 1],
			"faces": {
				"north": {"uv": [0, 0, 10, 1], "texture": "#1"},
				"east": {"uv": [0, 0, 4, 1], "texture": "#1"},
				"south": {"uv": [0, 0, 10, 1], "texture": "#1"},
				"west": {"uv": [0, 0, 4, 1], "texture": "#1"},
				"up": {"uv": [0, 0, 4, 10], "rotation": 90, "texture": "#1"},
				"down": {"uv": [0, 0, 4, 10], "rotation": 270, "texture": "#1"}
			}
		},
		{
			"from": [0, 9, -7],
			"to": [5, 10, 3],
			"faces": {
				"north": {"uv": [0, 0, 5, 1], "texture": "#1"},
				"east": {"uv": [0, 0, 10, 1], "texture": "#1"},
				"south": {"uv": [0, 0, 5, 1], "texture": "#1"},
				"west": {"uv": [0, 0, 10, 1], "texture": "#1"},
				"up": {"uv": [0, 0, 10, 5], "rotation": 90, "texture": "#1"},
				"down": {"uv": [0, 0, 10, 5], "rotation": 270, "texture": "#1"}
			}
		},
		{
			"from": [0, 9, 13],
			"to": [3, 10, 23],
			"faces": {
				"north": {"uv": [0, 0, 3, 1], "texture": "#1"},
				"east": {"uv": [0, 0, 10, 1], "texture": "#1"},
				"south": {"uv": [0, 0, 3, 1], "texture": "#1"},
				"west": {"uv": [0, 0, 10, 1], "texture": "#1"},
				"up": {"uv": [0, 0, 10, 3], "rotation": 90, "texture": "#1"},
				"down": {"uv": [0, 0, 10, 3], "rotation": 270, "texture": "#1"}
			}
		},
		{
			"from": [13, 9, 13],
			"to": [16, 10, 23],
			"faces": {
				"north": {"uv": [0, 0, 3, 1], "texture": "#1"},
				"east": {"uv": [0, 0, 10, 1], "texture": "#1"},
				"south": {"uv": [0, 0, 3, 1], "texture": "#1"},
				"west": {"uv": [0, 0, 10, 1], "texture": "#1"},
				"up": {"uv": [0, 0, 10, 3], "rotation": 90, "texture": "#1"},
				"down": {"uv": [0, 0, 10, 3], "rotation": 270, "texture": "#1"}
			}
		},
		{
			"from": [11, 9, -7],
			"to": [16, 10, 3],
			"faces": {
				"north": {"uv": [0, 0, 5, 1], "texture": "#1"},
				"east": {"uv": [0, 0, 10, 1], "texture": "#1"},
				"south": {"uv": [0, 0, 5, 1], "texture": "#1"},
				"west": {"uv": [0, 0, 10, 1], "texture": "#1"},
				"up": {"uv": [0, 0, 10, 5], "rotation": 90, "texture": "#1"},
				"down": {"uv": [0, 0, 10, 5], "rotation": 270, "texture": "#1"}
			}
		},
		{
			"from": [13, 5, -8],
			"to": [16, 10, -7],
			"faces": {
				"north": {"uv": [0, 0, 3, 5], "texture": "#1"},
				"east": {"uv": [0, 0, 1, 5], "texture": "#1"},
				"south": {"uv": [0, 0, 3, 5], "texture": "#1"},
				"west": {"uv": [0, 0, 1, 5], "texture": "#1"},
				"up": {"uv": [0, 0, 1, 3], "rotation": 90, "texture": "#1"},
				"down": {"uv": [0, 0, 1, 3], "rotation": 270, "texture": "#1"}
			}
		},
		{
			"from": [3, 4, -6],
			"to": [4, 9, 23],
			"faces": {
				"north": {"uv": [0, 0, 1, 5], "texture": "#1"},
				"east": {"uv": [0, 0, 16, 5], "texture": "#1"},
				"south": {"uv": [0, 0, 1, 5], "texture": "#1"},
				"west": {"uv": [0, 0, 16, 5], "texture": "#1"},
				"up": {"uv": [0, 0, 16, 1], "rotation": 90, "texture": "#1"},
				"down": {"uv": [0, 0, 16, 1], "rotation": 270, "texture": "#1"}
			}
		},
		{
			"from": [0, 4, 3],
			"to": [1, 11, 13],
			"faces": {
				"north": {"uv": [0, 0, 1, 7], "texture": "#1"},
				"east": {"uv": [0, 0, 10, 7], "texture": "#1"},
				"south": {"uv": [0, 0, 1, 7], "texture": "#1"},
				"west": {"uv": [0, 0, 10, 7], "texture": "#1"},
				"up": {"uv": [0, 0, 10, 1], "rotation": 90, "texture": "#1"},
				"down": {"uv": [0, 0, 10, 1], "rotation": 270, "texture": "#1"}
			}
		},
		{
			"from": [15, 4, 3],
			"to": [16, 11, 13],
			"faces": {
				"north": {"uv": [0, 0, 1, 7], "texture": "#1"},
				"east": {"uv": [0, 0, 10, 7], "texture": "#1"},
				"south": {"uv": [0, 0, 1, 7], "texture": "#1"},
				"west": {"uv": [0, 0, 10, 7], "texture": "#1"},
				"up": {"uv": [0, 0, 10, 1], "rotation": 90, "texture": "#1"},
				"down": {"uv": [0, 0, 10, 1], "rotation": 270, "texture": "#1"}
			}
		},
		{
			"from": [12, 4, -6],
			"to": [13, 9, 23],
			"faces": {
				"north": {"uv": [0, 0, 1, 5], "texture": "#1"},
				"east": {"uv": [0, 0, 16, 5], "texture": "#1"},
				"south": {"uv": [0, 0, 1, 5], "texture": "#1"},
				"west": {"uv": [0, 0, 16, 5], "texture": "#1"},
				"up": {"uv": [0, 0, 16, 1], "rotation": 90, "texture": "#1"},
				"down": {"uv": [0, 0, 16, 1], "rotation": 270, "texture": "#1"}
			}
		},
		{
			"from": [0, 0, 14],
			"to": [2, 8, 22],
			"faces": {
				"north": {"uv": [0, 0, 2, 8], "texture": "#1"},
				"east": {"uv": [0, 0, 8, 8], "texture": "#1"},
				"south": {"uv": [0, 0, 2, 8], "texture": "#1"},
				"west": {"uv": [0, 0, 8, 8], "texture": "#1"},
				"up": {"uv": [0, 0, 8, 2], "rotation": 90, "texture": "#1"},
				"down": {"uv": [0, 0, 8, 2], "rotation": 270, "texture": "#1"}
			}
		},
		{
			"from": [0, 0, -6],
			"to": [2, 8, 2],
			"faces": {
				"north": {"uv": [0, 0, 2, 8], "texture": "#1"},
				"east": {"uv": [0, 0, 8, 8], "texture": "#1"},
				"south": {"uv": [0, 0, 2, 8], "texture": "#1"},
				"west": {"uv": [0, 0, 8, 8], "texture": "#1"},
				"up": {"uv": [0, 0, 8, 2], "rotation": 90, "texture": "#1"},
				"down": {"uv": [0, 0, 8, 2], "rotation": 270, "texture": "#1"}
			}
		},
		{
			"from": [14, 0, 14],
			"to": [16, 8, 22],
			"faces": {
				"north": {"uv": [0, 0, 2, 8], "texture": "#1"},
				"east": {"uv": [0, 0, 8, 8], "texture": "#1"},
				"south": {"uv": [0, 0, 2, 8], "texture": "#1"},
				"west": {"uv": [0, 0, 8, 8], "texture": "#1"},
				"up": {"uv": [0, 0, 8, 2], "rotation": 90, "texture": "#1"},
				"down": {"uv": [0, 0, 8, 2], "rotation": 270, "texture": "#1"}
			}
		},
		{
			"from": [14, 0, -6],
			"to": [16, 8, 2],
			"faces": {
				"north": {"uv": [0, 0, 2, 8], "texture": "#1"},
				"east": {"uv": [0, 0, 8, 8], "texture": "#1"},
				"south": {"uv": [0, 0, 2, 8], "texture": "#1"},
				"west": {"uv": [0, 0, 8, 8], "texture": "#1"},
				"up": {"uv": [0, 0, 8, 2], "rotation": 90, "texture": "#1"},
				"down": {"uv": [0, 0, 8, 2], "rotation": 270, "texture": "#1"}
			}
		},
		{
			"from": [13.9, 1, -5],
			"to": [13.9, 7, 1],
			"faces": {
				"north": {"uv": [0, 0, 0, 6], "texture": "#2"},
				"east": {"uv": [0, 0, 6, 6], "texture": "#2"},
				"south": {"uv": [0, 0, 0, 6], "texture": "#2"},
				"west": {"uv": [0, 0, 6, 6], "texture": "#2"},
				"up": {"uv": [0, 0, 0, 6], "texture": "#2"},
				"down": {"uv": [0, 0, 0, 6], "texture": "#2"}
			}
		},
		{
			"from": [-0.1, 1, -5],
			"to": [-0.1, 7, 1],
			"faces": {
				"north": {"uv": [0, 0, 0, 6], "texture": "#2"},
				"east": {"uv": [0, 0, 6, 6], "texture": "#2"},
				"south": {"uv": [0, 0, 0, 6], "texture": "#2"},
				"west": {"uv": [0, 0, 6, 6], "texture": "#2"},
				"up": {"uv": [0, 0, 0, 6], "texture": "#2"},
				"down": {"uv": [0, 0, 0, 6], "texture": "#2"}
			}
		},
		{
			"from": [2.1, 1, -5],
			"to": [2.1, 7, 1],
			"faces": {
				"north": {"uv": [0, 0, 0, 6], "texture": "#2"},
				"east": {"uv": [0, 0, 6, 6], "texture": "#2"},
				"south": {"uv": [0, 0, 0, 6], "texture": "#2"},
				"west": {"uv": [0, 0, 6, 6], "texture": "#2"},
				"up": {"uv": [0, 0, 0, 6], "texture": "#2"},
				"down": {"uv": [0, 0, 0, 6], "texture": "#2"}
			}
		},
		{
			"from": [16.1, 1, -5],
			"to": [16.1, 7, 1],
			"faces": {
				"north": {"uv": [0, 0, 0, 6], "texture": "#2"},
				"east": {"uv": [0, 0, 6, 6], "texture": "#2"},
				"south": {"uv": [0, 0, 0, 6], "texture": "#2"},
				"west": {"uv": [0, 0, 6, 6], "texture": "#2"},
				"up": {"uv": [0, 0, 0, 6], "texture": "#2"},
				"down": {"uv": [0, 0, 0, 6], "texture": "#2"}
			}
		},
		{
			"from": [13.9, 1, 15],
			"to": [13.9, 7, 21],
			"faces": {
				"north": {"uv": [0, 0, 0, 6], "texture": "#2"},
				"east": {"uv": [0, 0, 6, 6], "texture": "#2"},
				"south": {"uv": [0, 0, 0, 6], "texture": "#2"},
				"west": {"uv": [0, 0, 6, 6], "texture": "#2"},
				"up": {"uv": [0, 0, 0, 6], "texture": "#2"},
				"down": {"uv": [0, 0, 0, 6], "texture": "#2"}
			}
		},
		{
			"from": [-0.1, 1, 15],
			"to": [-0.1, 7, 21],
			"faces": {
				"north": {"uv": [0, 0, 0, 6], "texture": "#2"},
				"east": {"uv": [0, 0, 6, 6], "texture": "#2"},
				"south": {"uv": [0, 0, 0, 6], "texture": "#2"},
				"west": {"uv": [0, 0, 6, 6], "texture": "#2"},
				"up": {"uv": [0, 0, 0, 6], "texture": "#2"},
				"down": {"uv": [0, 0, 0, 6], "texture": "#2"}
			}
		},
		{
			"from": [2.1, 1, 15],
			"to": [2.1, 7, 21],
			"faces": {
				"north": {"uv": [0, 0, 0, 6], "texture": "#2"},
				"east": {"uv": [0, 0, 6, 6], "texture": "#2"},
				"south": {"uv": [0, 0, 0, 6], "texture": "#2"},
				"west": {"uv": [0, 0, 6, 6], "texture": "#2"},
				"up": {"uv": [0, 0, 0, 6], "texture": "#2"},
				"down": {"uv": [0, 0, 0, 6], "texture": "#2"}
			}
		},
		{
			"from": [16.1, 1, 15],
			"to": [16.1, 7, 21],
			"faces": {
				"north": {"uv": [0, 0, 0, 6], "texture": "#2"},
				"east": {"uv": [0, 0, 6, 6], "texture": "#2"},
				"south": {"uv": [0, 0, 0, 6], "texture": "#2"},
				"west": {"uv": [0, 0, 6, 6], "texture": "#2"},
				"up": {"uv": [0, 0, 0, 6], "texture": "#2"},
				"down": {"uv": [0, 0, 0, 6], "texture": "#2"}
			}
		},
		{
			"from": [2, 12, -8],
			"to": [6, 16, -6],
			"faces": {
				"north": {"uv": [0, 0, 4, 4], "texture": "#4"},
				"east": {"uv": [0, 0, 2, 4], "texture": "#2"},
				"south": {"uv": [0, 0, 4, 4], "texture": "#2"},
				"west": {"uv": [0, 0, 2, 4], "texture": "#2"},
				"up": {"uv": [0, 0, 2, 4], "rotation": 90, "texture": "#2"},
				"down": {"uv": [0, 0, 2, 4], "rotation": 270, "texture": "#2"}
			}
		},
		{
			"from": [10, 12, -8],
			"to": [14, 16, -6],
			"faces": {
				"north": {"uv": [0, 0, 4, 4], "texture": "#4"},
				"east": {"uv": [0, 0, 2, 4], "texture": "#2"},
				"south": {"uv": [0, 0, 4, 4], "texture": "#2"},
				"west": {"uv": [0, 0, 2, 4], "texture": "#2"},
				"up": {"uv": [0, 0, 2, 4], "rotation": 90, "texture": "#2"},
				"down": {"uv": [0, 0, 2, 4], "rotation": 270, "texture": "#2"}
			}
		},
		{
			"from": [2, 12, -6],
			"to": [6, 15, -5],
			"faces": {
				"north": {"uv": [0, 0, 4, 3], "texture": "#2"},
				"east": {"uv": [0, 0, 1, 3], "texture": "#2"},
				"south": {"uv": [0, 0, 4, 3], "texture": "#2"},
				"west": {"uv": [0, 0, 1, 3], "texture": "#2"},
				"up": {"uv": [0, 0, 1, 4], "rotation": 90, "texture": "#2"},
				"down": {"uv": [0, 0, 1, 4], "rotation": 270, "texture": "#2"}
			}
		},
		{
			"from": [10, 12, -6],
			"to": [14, 15, -5],
			"faces": {
				"north": {"uv": [0, 0, 4, 3], "texture": "#2"},
				"east": {"uv": [0, 0, 1, 3], "texture": "#2"},
				"south": {"uv": [0, 0, 4, 3], "texture": "#2"},
				"west": {"uv": [0, 0, 1, 3], "texture": "#2"},
				"up": {"uv": [0, 0, 1, 4], "rotation": 90, "texture": "#2"},
				"down": {"uv": [0, 0, 1, 4], "rotation": 270, "texture": "#2"}
			}
		},
		{
			"from": [3, 10, -6],
			"to": [5, 12, -5],
			"faces": {
				"north": {"uv": [0, 0, 2, 2], "texture": "#2"},
				"east": {"uv": [0, 0, 1, 2], "texture": "#2"},
				"south": {"uv": [0, 0, 2, 2], "texture": "#2"},
				"west": {"uv": [0, 0, 1, 2], "texture": "#2"},
				"up": {"uv": [0, 0, 1, 2], "rotation": 90, "texture": "#2"},
				"down": {"uv": [0, 0, 1, 2], "rotation": 270, "texture": "#2"}
			}
		},
		{
			"from": [11, 10, -6],
			"to": [13, 12, -5],
			"faces": {
				"north": {"uv": [0, 0, 2, 2], "texture": "#2"},
				"east": {"uv": [0, 0, 1, 2], "texture": "#2"},
				"south": {"uv": [0, 0, 2, 2], "texture": "#2"},
				"west": {"uv": [0, 0, 1, 2], "texture": "#2"},
				"up": {"uv": [0, 0, 1, 2], "rotation": 90, "texture": "#2"},
				"down": {"uv": [0, 0, 1, 2], "rotation": 270, "texture": "#2"}
			}
		},
		{
			"from": [-1, 11, 5],
			"to": [1, 12, 6],
			"faces": {
				"north": {"uv": [0, 0, 2, 1], "texture": "#2"},
				"east": {"uv": [0, 0, 1, 1], "texture": "#2"},
				"south": {"uv": [0, 0, 2, 1], "texture": "#2"},
				"west": {"uv": [0, 0, 1, 1], "texture": "#2"},
				"up": {"uv": [0, 0, 1, 2], "rotation": 90, "texture": "#2"},
				"down": {"uv": [0, 0, 1, 2], "rotation": 270, "texture": "#2"}
			}
		},
		{
			"from": [15, 11, 5],
			"to": [17, 12, 6],
			"faces": {
				"north": {"uv": [0, 0, 2, 1], "texture": "#2"},
				"east": {"uv": [0, 0, 1, 1], "texture": "#2"},
				"south": {"uv": [0, 0, 2, 1], "texture": "#2"},
				"west": {"uv": [0, 0, 1, 1], "texture": "#2"},
				"up": {"uv": [0, 0, 1, 2], "rotation": 90, "texture": "#2"},
				"down": {"uv": [0, 0, 1, 2], "rotation": 270, "texture": "#2"}
			}
		},
		{
			"from": [-3, 11, 5],
			"to": [-1, 13, 6],
			"faces": {
				"north": {"uv": [0, 0, 2, 2], "texture": "#4"},
				"east": {"uv": [0, 0, 1, 2], "texture": "#2"},
				"south": {"uv": [0, 0, 2, 2], "texture": "#2"},
				"west": {"uv": [0, 0, 1, 2], "texture": "#2"},
				"up": {"uv": [0, 0, 1, 2], "rotation": 90, "texture": "#2"},
				"down": {"uv": [0, 0, 1, 2], "rotation": 270, "texture": "#2"}
			}
		},
		{
			"from": [17, 11, 5],
			"to": [19, 13, 6],
			"faces": {
				"north": {"uv": [0, 0, 2, 2], "texture": "#4"},
				"east": {"uv": [0, 0, 1, 2], "texture": "#2"},
				"south": {"uv": [0, 0, 2, 2], "texture": "#2"},
				"west": {"uv": [0, 0, 1, 2], "texture": "#2"},
				"up": {"uv": [0, 0, 1, 2], "rotation": 90, "texture": "#2"},
				"down": {"uv": [0, 0, 1, 2], "rotation": 270, "texture": "#2"}
			}
		},
		{
			"from": [-0.5, 8, 4],
			"to": [0, 9, 6],
			"faces": {
				"north": {"uv": [0, 0, 0.5, 1], "texture": "#2"},
				"east": {"uv": [0, 0, 2, 1], "texture": "#2"},
				"south": {"uv": [0, 0, 0.5, 1], "texture": "#2"},
				"west": {"uv": [0, 0, 2, 1], "texture": "#2"},
				"up": {"uv": [0, 0, 0.5, 2], "texture": "#2"},
				"down": {"uv": [0, 0, 0.5, 2], "texture": "#2"}
			}
		},
		{
			"from": [16, 8, 4],
			"to": [16.5, 9, 6],
			"faces": {
				"north": {"uv": [0, 0, 0.5, 1], "texture": "#2"},
				"east": {"uv": [0, 0, 2, 1], "texture": "#2"},
				"south": {"uv": [0, 0, 0.5, 1], "texture": "#2"},
				"west": {"uv": [0, 0, 2, 1], "texture": "#2"},
				"up": {"uv": [0, 0, 0.5, 2], "texture": "#2"},
				"down": {"uv": [0, 0, 0.5, 2], "texture": "#2"}
			}
		}
	],
	"display": {
		"head": {
			"translation": [0, -27, 0],
			"scale": [2, 2, 2]
		}
	},
	"groups": [
		{
			"name": "base",
			"origin": [8, 8, 8],
			"children": [0, 1, 2, 3, 4, 5, 6, 7, 8, 9]
		},
		{
			"name": "upper",
			"origin": [8, 8, 8],
			"children": [10, 11, 12, 13, 14, 15, 16, 17, 18, 19, 20, 21, 22, 23, 24, 25, 26, 27, 28, 29, 30, 31, 32, 33, 34, 35, 36, 37, 38, 39, 40, 41, 42, 43, 44, 45, 46, 47]
		},
		{
			"name": "wheel",
			"origin": [8, 8, 8],
			"children": [48, 49, 50, 51, 52, 53, 54, 55, 56, 57, 58, 59]
		},
		{
			"name": "widget",
			"origin": [8, 8, 8],
			"children": [60, 61, 62, 63, 64, 65, 66, 67, 68, 69, 70, 71]
		}
	]
}
#本包由镜像工作室：Nightmare Abyss 制作组，侵权必究！
#This package is produced by Mirror Studio: Nightmare Abyss. Infringement will be investigated!