{
    "parent": "item/handheld_rod",
    "textures": {
        "layer0": "item/carrot_on_a_stick"
    },
    "overrides":[
      {"predicate":{"custom_model_data":1},"model":"item/iron_sword"},
      {"predicate":{"custom_model_data":2},"model":"item/alarm"},
      {"predicate":{"custom_model_data":3},"model":"item/loudou"},
	  {"predicate":{"custom_model_data":4},"model":"item/doctor"},
      {"predicate":{"custom_model_data":5},"model":"item/toolkit"},
	  {"predicate":{"custom_model_data":6},"model":"item/abyssbook"},
	  {"predicate":{"custom_model_data":7},"model":"item/athena"},
	  {"predicate":{"custom_model_data":8},"model":"item/blessing"},
	  {"predicate":{"custom_model_data":9},"model":"item/curse"},
	  {"predicate":{"custom_model_data":10},"model":"item/hotiron"},
	  {"predicate":{"custom_model_data":11},"model":"item/smoke"},
	  {"predicate":{"custom_model_data":12},"model":"item/soultear"},
	  {"predicate":{"custom_model_data":13},"model":"item/wrench"},
	  {"predicate":{"custom_model_data":14},"model":"item/juanzhou"},
	  {"predicate":{"custom_model_data":15},"model":"item/klb"},
	  {"predicate":{"custom_model_data":16},"model":"item/laifugun"},
	  {"predicate":{"custom_model_data":17},"model":"item/killerxianji"},
	  {"predicate":{"custom_model_data":18},"model":"item/usingxianji"},
	  {"predicate":{"custom_model_data":19},"model":"item/xianji"},
	  {"predicate":{"custom_model_data":20},"model":"item/jubao"},
	  {"predicate":{"custom_model_data":21},"model":"item/duan_qin"},
	  {"predicate":{"custom_model_data":22},"model":"item/klb2"},
	  {"predicate":{"custom_model_data":23},"model":"item/green_cmd_block"},
	  {"predicate":{"custom_model_data":24},"model":"item/cadao"},
	  {"predicate":{"custom_model_data":25},"model":"item/sword_tang"},
	  {"predicate":{"custom_model_data":26},"model":"item/diamond_sword"},
	  {"predicate":{"custom_model_data":27},"model":"item/generic_tensai"},
	  {"predicate":{"custom_model_data":28},"model":"item/playerskill_5"},
	  {"predicate":{"custom_model_data":29},"model":"item/zhihe_electric_shock_stick"},
	  {"predicate":{"custom_model_data":30},"model":"item/cake"}
    ]
}
#本包由镜像工作室：Nightmare Abyss 制作组，侵权必究！
#This package is produced by Mirror Studio: Nightmare Abyss. Infringement will be investigated!