{
	"credit": "Made with Blockbench",
	"texture_size": [64, 64],
	"textures": {
		"0": "modelneeded/modelskin",
		"particle": "modelneeded/modelskin"
	},
	"elements": [
		{
			"name": "Head",
			"from": [4, 23.75, 4],
			"to": [12, 31.75, 12],
			"rotation": {"angle": 0, "axis": "y", "origin": [8, 15.25, 8]},
			"faces": {
				"north": {"uv": [2, 2, 4, 4], "texture": "#0"},
				"east": {"uv": [0, 2, 2, 4], "texture": "#0"},
				"south": {"uv": [6, 2, 8, 4], "texture": "#0"},
				"west": {"uv": [4, 2, 6, 4], "texture": "#0"},
				"up": {"uv": [4, 2, 2, 0], "texture": "#0"},
				"down": {"uv": [6, 0, 4, 2], "texture": "#0"}
			}
		},
		{
			"name": "Hat Layer",
			"from": [3.5, 23, 3.5],
			"to": [12.5, 32, 12.5],
			"rotation": {"angle": 0, "axis": "y", "origin": [8, 15.5, 8]},
			"faces": {
				"north": {"uv": [10, 2, 12, 4], "texture": "#0"},
				"east": {"uv": [8, 2, 10, 4], "texture": "#0"},
				"south": {"uv": [14, 2, 16, 4], "texture": "#0"},
				"west": {"uv": [12, 2, 14, 4], "texture": "#0"},
				"up": {"uv": [12, 2, 10, 0], "texture": "#0"},
				"down": {"uv": [14, 0, 12, 2], "texture": "#0"}
			}
		},
		{
			"name": "Body",
			"from": [4, 12, 6],
			"to": [12, 24, 10],
			"rotation": {"angle": 0, "axis": "y", "origin": [8, 15.5, 8]},
			"faces": {
				"north": {"uv": [5, 5, 7, 8], "texture": "#0"},
				"east": {"uv": [4, 5, 5, 8], "texture": "#0"},
				"south": {"uv": [8, 5, 10, 8], "texture": "#0"},
				"west": {"uv": [7, 5, 8, 8], "texture": "#0"},
				"up": {"uv": [7, 5, 5, 4], "texture": "#0"},
				"down": {"uv": [9, 4, 7, 5], "texture": "#0"}
			}
		},
		{
			"name": "Body Layer",
			"from": [3.75, 11.75, 5.75],
			"to": [12.25, 24.25, 10.25],
			"rotation": {"angle": 0, "axis": "y", "origin": [8, 15.5, 8]},
			"faces": {
				"north": {"uv": [5, 9, 7, 12], "texture": "#0"},
				"east": {"uv": [4, 9, 5, 12], "texture": "#0"},
				"south": {"uv": [8, 9, 10, 12], "texture": "#0"},
				"west": {"uv": [7, 9, 8, 12], "texture": "#0"},
				"up": {"uv": [7, 9, 5, 8], "texture": "#0"},
				"down": {"uv": [9, 8, 7, 9], "texture": "#0"}
			}
		},
		{
			"name": "Right Arm",
			"from": [13.5, 23.5, 6],
			"to": [25.5, 26.5, 10],
			"rotation": {"angle": 22.5, "axis": "z", "origin": [22, 19.5, 8]},
			"faces": {
				"north": {"uv": [11, 5, 11.75, 8], "rotation": 90, "texture": "#0"},
				"east": {"uv": [12.5, 4, 11.75, 5], "rotation": 270, "texture": "#0"},
				"south": {"uv": [12.75, 5, 13.5, 8], "rotation": 270, "texture": "#0"},
				"west": {"uv": [11.75, 5, 11, 4], "rotation": 270, "texture": "#0"},
				"up": {"uv": [10, 5, 11, 8], "rotation": 270, "texture": "#0"},
				"down": {"uv": [11.75, 5, 12.75, 8], "rotation": 270, "texture": "#0"}
			}
		},
		{
			"name": "Right Arm Layer",
			"from": [13.25, 23.25, 5.75],
			"to": [25.75, 26.75, 10.25],
			"rotation": {"angle": 22.5, "axis": "z", "origin": [22, 19.5, 8]},
			"faces": {
				"north": {"uv": [11, 9, 11.75, 12], "rotation": 90, "texture": "#0"},
				"east": {"uv": [12.5, 8, 11.75, 9], "rotation": 270, "texture": "#0"},
				"south": {"uv": [12.75, 9, 13.5, 12], "rotation": 270, "texture": "#0"},
				"west": {"uv": [11.75, 9, 11, 8], "rotation": 270, "texture": "#0"},
				"up": {"uv": [10, 9, 11, 12], "rotation": 270, "texture": "#0"},
				"down": {"uv": [11.75, 9, 12.75, 12], "rotation": 270, "texture": "#0"}
			}
		},
		{
			"name": "Left Arm",
			"from": [-9.5, 23.5, 6],
			"to": [2.5, 26.5, 10],
			"rotation": {"angle": -22.5, "axis": "z", "origin": [-6, 19.5, 8]},
			"faces": {
				"north": {"uv": [9, 13, 9.75, 16], "rotation": 270, "texture": "#0"},
				"east": {"uv": [9.75, 13, 9, 12], "rotation": 90, "texture": "#0"},
				"south": {"uv": [10.75, 13, 11.5, 16], "rotation": 90, "texture": "#0"},
				"west": {"uv": [10.5, 12, 9.75, 13], "rotation": 90, "texture": "#0"},
				"up": {"uv": [9.75, 13, 10.75, 16], "rotation": 90, "texture": "#0"},
				"down": {"uv": [8, 13, 9, 16], "rotation": 90, "texture": "#0"}
			}
		},
		{
			"name": "Left Arm Layer",
			"from": [-9.75, 23.25, 5.75],
			"to": [2.75, 26.75, 10.25],
			"rotation": {"angle": -22.5, "axis": "z", "origin": [-6, 19.5, 8]},
			"faces": {
				"north": {"uv": [13, 13, 13.75, 16], "rotation": 270, "texture": "#0"},
				"east": {"uv": [13.75, 13, 13, 12], "rotation": 90, "texture": "#0"},
				"south": {"uv": [14.75, 13, 15.5, 16], "rotation": 90, "texture": "#0"},
				"west": {"uv": [14.5, 12, 13.75, 13], "rotation": 90, "texture": "#0"},
				"up": {"uv": [13.75, 13, 14.75, 16], "rotation": 90, "texture": "#0"},
				"down": {"uv": [12, 13, 13, 16], "rotation": 90, "texture": "#0"}
			}
		},
		{
			"name": "Right Leg",
			"from": [7.9, 0, 6],
			"to": [11.9, 12, 10],
			"rotation": {"angle": 0, "axis": "y", "origin": [8, 15.5, 8]},
			"faces": {
				"north": {"uv": [1, 5, 2, 8], "texture": "#0"},
				"east": {"uv": [0, 5, 1, 8], "texture": "#0"},
				"south": {"uv": [3, 5, 4, 8], "texture": "#0"},
				"west": {"uv": [2, 5, 3, 8], "texture": "#0"},
				"up": {"uv": [2, 5, 1, 4], "texture": "#0"},
				"down": {"uv": [3, 4, 2, 5], "texture": "#0"}
			}
		},
		{
			"name": "Right Leg Layer",
			"from": [7.65, -0.25, 5.75],
			"to": [12.15, 12.25, 10.25],
			"rotation": {"angle": 0, "axis": "y", "origin": [8, 15.5, 8]},
			"faces": {
				"north": {"uv": [1, 9, 2, 12], "texture": "#0"},
				"east": {"uv": [0, 9, 1, 12], "texture": "#0"},
				"south": {"uv": [3, 9, 4, 12], "texture": "#0"},
				"west": {"uv": [2, 9, 3, 12], "texture": "#0"},
				"up": {"uv": [2, 9, 1, 8], "texture": "#0"},
				"down": {"uv": [3, 8, 2, 9], "texture": "#0"}
			}
		},
		{
			"name": "Left Leg",
			"from": [4.1, 0, 6],
			"to": [8.1, 12, 10],
			"rotation": {"angle": 0, "axis": "y", "origin": [8, 15.5, 8]},
			"faces": {
				"north": {"uv": [5, 13, 6, 16], "texture": "#0"},
				"east": {"uv": [4, 13, 5, 16], "texture": "#0"},
				"south": {"uv": [7, 13, 8, 16], "texture": "#0"},
				"west": {"uv": [6, 13, 7, 16], "texture": "#0"},
				"up": {"uv": [6, 13, 5, 12], "texture": "#0"},
				"down": {"uv": [7, 12, 6, 13], "texture": "#0"}
			}
		},
		{
			"name": "Left Leg Layer",
			"from": [3.85, -0.25, 5.75],
			"to": [8.35, 12.25, 10.25],
			"rotation": {"angle": 0, "axis": "y", "origin": [8, 15.5, 8]},
			"faces": {
				"north": {"uv": [1, 13, 2, 16], "texture": "#0"},
				"east": {"uv": [0, 13, 1, 16], "texture": "#0"},
				"south": {"uv": [3, 13, 4, 16], "texture": "#0"},
				"west": {"uv": [2, 13, 3, 16], "texture": "#0"},
				"up": {"uv": [2, 13, 1, 12], "texture": "#0"},
				"down": {"uv": [3, 12, 2, 13], "texture": "#0"}
			}
		}
	],
	"display": {
		"thirdperson_righthand": {
			"rotation": [0, 90, 0],
			"translation": [0, 3, 1],
			"scale": [0.3, 0.3, 0.3]
		},
		"thirdperson_lefthand": {
			"rotation": [0, 90, 0],
			"translation": [0, 3, 1],
			"scale": [0.3, 0.3, 0.3]
		},
		"firstperson_righthand": {
			"rotation": [0, 90, 25],
			"translation": [0, 1.6, 0.8],
			"scale": [0.3, 0.3, 0.3]
		},
		"firstperson_lefthand": {
			"rotation": [0, 90, 25],
			"translation": [0, 1.6, 0.8],
			"scale": [0.3, 0.3, 0.3]
		},
		"ground": {
			"translation": [0, -1.5, 0],
			"scale": [0.44727, 0.44727, 0.44727]
		},
		"gui": {
			"rotation": [30, 135, 0],
			"translation": [0, -4, 0],
			"scale": [0.625, 0.625, 0.625]
		},
		"fixed": {
			"translation": [0, -4, -1.5],
			"scale": [0.51758, 0.51758, 0.51758]
		}
	},
	"groups": [
		{
			"name": "Head",
			"origin": [0, 24, 0],
			"children": [0, 1]
		},
		{
			"name": "Body",
			"origin": [0, 24, 0],
			"children": [2, 3]
		},
		{
			"name": "RightArm",
			"origin": [5, 22, 0],
			"children": [4, 5]
		},
		{
			"name": "LeftArm",
			"origin": [-5, 22, 0],
			"children": [6, 7]
		},
		{
			"name": "RightLeg",
			"origin": [1.9, 12, 0],
			"children": [8, 9]
		},
		{
			"name": "LeftLeg",
			"origin": [-1.9, 12, 0],
			"children": [10, 11]
		}
	]
}
#本包由镜像工作室：Nightmare Abyss 制作组，侵权必究！
#This package is produced by Mirror Studio: Nightmare Abyss. Infringement will be investigated!