{
    "parent": "item/generated",
    "textures": {
        "layer0": "item/white_dye"
    },
	"overrides":[
      {"predicate":{"custom_model_data":1},"model":"item/fennu"},
	  {"predicate":{"custom_model_data":2},"model":"item/shixue"},
	  {"predicate":{"custom_model_data":3},"model":"item/zhongchuang"},
	  {"predicate":{"custom_model_data":4},"model":"item/shaqi"},
	  {"predicate":{"custom_model_data":5},"model":"item/yapo"},
	  {"predicate":{"custom_model_data":6},"model":"item/wajie"},
	  {"predicate":{"custom_model_data":7},"model":"item/shendushangkou"},
	  {"predicate":{"custom_model_data":8},"model":"item/xiujue"},
	  {"predicate":{"custom_model_data":9},"model":"item/ganzhi"},
	  {"predicate":{"custom_model_data":10},"model":"item/anying"},
	  {"predicate":{"custom_model_data":51},"model":"item/qianneng"},
	  {"predicate":{"custom_model_data":52},"model":"item/xinnian"},
	  {"predicate":{"custom_model_data":53},"model":"item/yingji"},
	  {"predicate":{"custom_model_data":54},"model":"item/bingxi"},
	  {"predicate":{"custom_model_data":55},"model":"item/zhencha"},
	  {"predicate":{"custom_model_data":56},"model":"item/zixin"},
	  {"predicate":{"custom_model_data":57},"model":"item/zhuanye"},
	  {"predicate":{"custom_model_data":58},"model":"item/jiuzhi"},
	  {"predicate":{"custom_model_data":59},"model":"item/yizhi"},
	  {"predicate":{"custom_model_data":101},"model":"item/buzhizhizheng"},
	  {"predicate":{"custom_model_data":102},"model":"item/gousuozuzhou"},
	  {"predicate":{"custom_model_data":103},"model":"item/shendushangkoudebuff"},
	  {"predicate":{"custom_model_data":104},"model":"item/yapodebuff"},
	  {"predicate":{"custom_model_data":105},"model":"item/xinnianfuzhu"},
	  {"predicate":{"custom_model_data":106},"model":"item/zhuanyefuzhu"},
	  {"predicate":{"custom_model_data":107},"model":"item/zhuoshao"},
	  {"predicate":{"custom_model_data":108},"model":"item/bingxifuzhu"},
	  {"predicate":{"custom_model_data":109},"model":"item/yizhifuzhu"},
	  {"predicate":{"custom_model_data":120},"model":"item/huanyan"},
	  {"predicate":{"custom_model_data":121},"model":"item/wenluan"},
	  {"predicate":{"custom_model_data":151},"model":"item/leiruo"},
	  {"predicate":{"custom_model_data":152},"model":"item/nianqing"},
	  {"predicate":{"custom_model_data":153},"model":"item/jianshuo"}
	]
}
#本包由镜像工作室：Nightmare Abyss 制作组，侵权必究！
#This package is produced by Mirror Studio: Nightmare Abyss. Infringement will be investigated!