{
	"parent": "block/block",
	"textures": {
		"0": "block/glass",
		"1": "block/black_terracotta",
		"3": "block/black_concrete",
		"4": "block/acacia_planks",
		"5": "block/gold_block",
		"7": "block/white_stained_glass",
		"10": "block/andesite",
		"particle": "block/glass"
	},
	"elements": [
		{
			"from": [0, 4, -8],
			"to": [16, 5, -7],
			"faces": {
				"north": {"uv": [0, 0, 16, 1], "texture": "#3"},
				"east": {"uv": [0, 0, 1, 1], "texture": "#3"},
				"south": {"uv": [0, 0, 16, 1], "texture": "#3"},
				"west": {"uv": [0, 0, 1, 1], "texture": "#3"},
				"up": {"uv": [0, 0, 1, 16], "rotation": 90, "texture": "#3"},
				"down": {"uv": [0, 0, 1, 16], "rotation": 270, "texture": "#3"}
			}
		},
		{
			"from": [4, 5, -3],
			"to": [12, 7, -2],
			"faces": {
				"north": {"uv": [0, 0, 8, 2], "texture": "#3"},
				"east": {"uv": [0, 0, 1, 2], "texture": "#3"},
				"south": {"uv": [0, 0, 8, 2], "texture": "#3"},
				"west": {"uv": [0, 0, 1, 2], "texture": "#3"},
				"up": {"uv": [0, 0, 1, 8], "rotation": 90, "texture": "#3"},
				"down": {"uv": [0, 0, 1, 8], "rotation": 270, "texture": "#3"}
			}
		},
		{
			"from": [4, 5, 18],
			"to": [12, 7, 19],
			"faces": {
				"north": {"uv": [0, 0, 8, 2], "texture": "#3"},
				"east": {"uv": [0, 0, 1, 2], "texture": "#3"},
				"south": {"uv": [0, 0, 8, 2], "texture": "#3"},
				"west": {"uv": [0, 0, 1, 2], "texture": "#3"},
				"up": {"uv": [0, 0, 1, 8], "rotation": 90, "texture": "#3"},
				"down": {"uv": [0, 0, 1, 8], "rotation": 270, "texture": "#3"}
			}
		},
		{
			"from": [0, 4, 23],
			"to": [16, 5, 24],
			"faces": {
				"north": {"uv": [0, 0, 16, 1], "texture": "#3"},
				"east": {"uv": [0, 0, 1, 1], "texture": "#3"},
				"south": {"uv": [0, 0, 16, 1], "texture": "#3"},
				"west": {"uv": [0, 0, 1, 1], "texture": "#3"},
				"up": {"uv": [0, 0, 1, 16], "rotation": 90, "texture": "#3"},
				"down": {"uv": [0, 0, 1, 16], "rotation": 270, "texture": "#3"}
			}
		},
		{
			"from": [3, 4, -7],
			"to": [13, 5, -3],
			"faces": {
				"north": {"uv": [0, 0, 10, 1], "texture": "#3"},
				"east": {"uv": [0, 0, 4, 1], "texture": "#3"},
				"south": {"uv": [0, 0, 10, 1], "texture": "#3"},
				"west": {"uv": [0, 0, 4, 1], "texture": "#3"},
				"up": {"uv": [0, 0, 4, 10], "rotation": 90, "texture": "#3"},
				"down": {"uv": [0, 0, 4, 10], "rotation": 270, "texture": "#3"}
			}
		},
		{
			"from": [3, 4, 19],
			"to": [13, 5, 23],
			"faces": {
				"north": {"uv": [0, 0, 10, 1], "texture": "#3"},
				"east": {"uv": [0, 0, 4, 1], "texture": "#3"},
				"south": {"uv": [0, 0, 10, 1], "texture": "#3"},
				"west": {"uv": [0, 0, 4, 1], "texture": "#3"},
				"up": {"uv": [0, 0, 4, 10], "rotation": 90, "texture": "#3"},
				"down": {"uv": [0, 0, 4, 10], "rotation": 270, "texture": "#3"}
			}
		},
		{
			"from": [5, 4, -3],
			"to": [11, 5, 19],
			"faces": {
				"north": {"uv": [0, 0, 6, 1], "texture": "#3"},
				"east": {"uv": [0, 0, 16, 1], "texture": "#3"},
				"south": {"uv": [0, 0, 6, 1], "texture": "#3"},
				"west": {"uv": [0, 0, 16, 1], "texture": "#3"},
				"up": {"uv": [0, 0, 16, 6], "rotation": 90, "texture": "#3"},
				"down": {"uv": [0, 0, 16, 6], "rotation": 270, "texture": "#3"}
			}
		},
		{
			"from": [16, 4, -7],
			"to": [18, 5, -6],
			"faces": {
				"north": {"uv": [0, 0, 2, 1], "texture": "#3"},
				"east": {"uv": [0, 0, 1, 1], "texture": "#3"},
				"south": {"uv": [0, 0, 2, 1], "texture": "#3"},
				"west": {"uv": [0, 0, 1, 1], "texture": "#3"},
				"up": {"uv": [0, 0, 1, 2], "rotation": 90, "texture": "#3"},
				"down": {"uv": [0, 0, 1, 2], "rotation": 270, "texture": "#3"}
			}
		},
		{
			"from": [16, 4, 22],
			"to": [18, 5, 23],
			"faces": {
				"north": {"uv": [0, 0, 2, 1], "texture": "#3"},
				"east": {"uv": [0, 0, 1, 1], "texture": "#3"},
				"south": {"uv": [0, 0, 2, 1], "texture": "#3"},
				"west": {"uv": [0, 0, 1, 1], "texture": "#3"},
				"up": {"uv": [0, 0, 1, 2], "rotation": 90, "texture": "#3"},
				"down": {"uv": [0, 0, 1, 2], "rotation": 270, "texture": "#3"}
			}
		},
		{
			"from": [-2, 4, -7],
			"to": [0, 5, -6],
			"faces": {
				"north": {"uv": [0, 0, 2, 1], "texture": "#3"},
				"east": {"uv": [0, 0, 1, 1], "texture": "#3"},
				"south": {"uv": [0, 0, 2, 1], "texture": "#3"},
				"west": {"uv": [0, 0, 1, 1], "texture": "#3"},
				"up": {"uv": [0, 0, 1, 2], "rotation": 90, "texture": "#3"},
				"down": {"uv": [0, 0, 1, 2], "rotation": 270, "texture": "#3"}
			}
		},
		{
			"from": [-2, 4, 22],
			"to": [0, 5, 23],
			"faces": {
				"north": {"uv": [0, 0, 2, 1], "texture": "#3"},
				"east": {"uv": [0, 0, 1, 1], "texture": "#3"},
				"south": {"uv": [0, 0, 2, 1], "texture": "#3"},
				"west": {"uv": [0, 0, 1, 1], "texture": "#3"},
				"up": {"uv": [0, 0, 1, 2], "rotation": 90, "texture": "#3"},
				"down": {"uv": [0, 0, 1, 2], "rotation": 270, "texture": "#3"}
			}
		},
		{
			"from": [12, 5, -7],
			"to": [13, 7, -3],
			"faces": {
				"north": {"uv": [0, 0, 1, 2], "texture": "#3"},
				"east": {"uv": [0, 0, 4, 2], "texture": "#3"},
				"south": {"uv": [0, 0, 1, 2], "texture": "#3"},
				"west": {"uv": [0, 0, 4, 2], "texture": "#3"},
				"up": {"uv": [0, 0, 4, 1], "rotation": 90, "texture": "#3"},
				"down": {"uv": [0, 0, 4, 1], "rotation": 270, "texture": "#3"}
			}
		},
		{
			"from": [12, 5, 19],
			"to": [13, 7, 23],
			"faces": {
				"north": {"uv": [0, 0, 1, 2], "texture": "#3"},
				"east": {"uv": [0, 0, 4, 2], "texture": "#3"},
				"south": {"uv": [0, 0, 1, 2], "texture": "#3"},
				"west": {"uv": [0, 0, 4, 2], "texture": "#3"},
				"up": {"uv": [0, 0, 4, 1], "rotation": 90, "texture": "#3"},
				"down": {"uv": [0, 0, 4, 1], "rotation": 270, "texture": "#3"}
			}
		},
		{
			"from": [3, 5, -7],
			"to": [4, 7, -3],
			"faces": {
				"north": {"uv": [0, 0, 1, 2], "texture": "#3"},
				"east": {"uv": [0, 0, 4, 2], "texture": "#3"},
				"south": {"uv": [0, 0, 1, 2], "texture": "#3"},
				"west": {"uv": [0, 0, 4, 2], "texture": "#3"},
				"up": {"uv": [0, 0, 4, 1], "rotation": 90, "texture": "#3"},
				"down": {"uv": [0, 0, 4, 1], "rotation": 270, "texture": "#3"}
			}
		},
		{
			"from": [3, 5, 19],
			"to": [4, 7, 23],
			"faces": {
				"north": {"uv": [0, 0, 1, 2], "texture": "#3"},
				"east": {"uv": [0, 0, 4, 2], "texture": "#3"},
				"south": {"uv": [0, 0, 1, 2], "texture": "#3"},
				"west": {"uv": [0, 0, 4, 2], "texture": "#3"},
				"up": {"uv": [0, 0, 4, 1], "rotation": 90, "texture": "#3"},
				"down": {"uv": [0, 0, 4, 1], "rotation": 270, "texture": "#3"}
			}
		},
		{
			"from": [0, 0, -6],
			"to": [2, 8, 2],
			"faces": {
				"north": {"uv": [0, 0, 2, 8], "texture": "#3"},
				"east": {"uv": [4, 4, 12, 12], "texture": "#3"},
				"south": {"uv": [0, 0, 2, 8], "texture": "#3"},
				"west": {"uv": [4, 4, 12, 12], "texture": "#3"},
				"up": {"uv": [0, 0, 8, 2], "rotation": 90, "texture": "#3"},
				"down": {"uv": [0, 0, 8, 2], "rotation": 270, "texture": "#3"}
			}
		},
		{
			"from": [14, 0, -6],
			"to": [16, 8, 2],
			"faces": {
				"north": {"uv": [0, 0, 2, 8], "texture": "#3"},
				"east": {"uv": [4, 4, 12, 12], "texture": "#3"},
				"south": {"uv": [0, 0, 2, 8], "texture": "#3"},
				"west": {"uv": [4, 4, 12, 12], "texture": "#3"},
				"up": {"uv": [0, 0, 8, 2], "rotation": 90, "texture": "#3"},
				"down": {"uv": [0, 0, 8, 2], "rotation": 270, "texture": "#3"}
			}
		},
		{
			"from": [0, 0, 14],
			"to": [2, 8, 22],
			"faces": {
				"north": {"uv": [0, 0, 2, 8], "texture": "#3"},
				"east": {"uv": [4, 4, 12, 12], "texture": "#3"},
				"south": {"uv": [0, 0, 2, 8], "texture": "#3"},
				"west": {"uv": [4, 4, 12, 12], "texture": "#3"},
				"up": {"uv": [0, 0, 8, 2], "rotation": 90, "texture": "#3"},
				"down": {"uv": [0, 0, 8, 2], "rotation": 270, "texture": "#3"}
			}
		},
		{
			"from": [14, 0, 14],
			"to": [16, 8, 22],
			"faces": {
				"north": {"uv": [0, 0, 2, 8], "texture": "#3"},
				"east": {"uv": [4, 4, 12, 12], "texture": "#3"},
				"south": {"uv": [0, 0, 2, 8], "texture": "#3"},
				"west": {"uv": [4, 4, 12, 12], "texture": "#3"},
				"up": {"uv": [0, 0, 8, 2], "rotation": 90, "texture": "#3"},
				"down": {"uv": [0, 0, 8, 2], "rotation": 270, "texture": "#3"}
			}
		},
		{
			"from": [-0.1, 1, -5],
			"to": [-0.1, 7, 1],
			"faces": {
				"north": {"uv": [0, 0, 0, 6], "texture": "#10"},
				"east": {"uv": [0, 0, 6, 6], "texture": "#10"},
				"south": {"uv": [0, 0, 0, 6], "texture": "#10"},
				"west": {"uv": [5, 5, 11, 11], "texture": "#10"},
				"up": {"uv": [0, 0, 6, 0], "rotation": 90, "texture": "#10"},
				"down": {"uv": [0, 0, 6, 0], "rotation": 270, "texture": "#10"}
			}
		},
		{
			"from": [13.9, 1, -5],
			"to": [13.9, 7, 1],
			"faces": {
				"north": {"uv": [0, 0, 0, 6], "texture": "#10"},
				"east": {"uv": [0, 0, 6, 6], "texture": "#10"},
				"south": {"uv": [0, 0, 0, 6], "texture": "#10"},
				"west": {"uv": [5, 5, 11, 11], "texture": "#10"},
				"up": {"uv": [0, 0, 6, 0], "rotation": 90, "texture": "#10"},
				"down": {"uv": [0, 0, 6, 0], "rotation": 270, "texture": "#10"}
			}
		},
		{
			"from": [-0.1, 1, 15],
			"to": [-0.1, 7, 21],
			"faces": {
				"north": {"uv": [0, 0, 0, 6], "texture": "#10"},
				"east": {"uv": [0, 0, 6, 6], "texture": "#10"},
				"south": {"uv": [0, 0, 0, 6], "texture": "#10"},
				"west": {"uv": [5, 5, 11, 11], "texture": "#10"},
				"up": {"uv": [0, 0, 6, 0], "rotation": 90, "texture": "#10"},
				"down": {"uv": [0, 0, 6, 0], "rotation": 270, "texture": "#10"}
			}
		},
		{
			"from": [13.9, 1, 15],
			"to": [13.9, 7, 21],
			"faces": {
				"north": {"uv": [0, 0, 0, 6], "texture": "#10"},
				"east": {"uv": [0, 0, 6, 6], "texture": "#10"},
				"south": {"uv": [0, 0, 0, 6], "texture": "#10"},
				"west": {"uv": [5, 5, 11, 11], "texture": "#10"},
				"up": {"uv": [0, 0, 6, 0], "rotation": 90, "texture": "#10"},
				"down": {"uv": [0, 0, 6, 0], "rotation": 270, "texture": "#10"}
			}
		},
		{
			"from": [2.1, 1, -5],
			"to": [2.1, 7, 1],
			"faces": {
				"north": {"uv": [0, 0, 0, 6], "texture": "#10"},
				"east": {"uv": [5, 4, 11, 10], "texture": "#10"},
				"south": {"uv": [0, 0, 0, 6], "texture": "#10"},
				"west": {"uv": [5, 5, 11, 11], "texture": "#10"},
				"up": {"uv": [0, 0, 6, 0], "rotation": 90, "texture": "#10"},
				"down": {"uv": [0, 0, 6, 0], "rotation": 270, "texture": "#10"}
			}
		},
		{
			"from": [16.1, 1, -5],
			"to": [16.1, 7, 1],
			"faces": {
				"north": {"uv": [0, 0, 0, 6], "texture": "#10"},
				"east": {"uv": [5, 4, 11, 10], "texture": "#10"},
				"south": {"uv": [0, 0, 0, 6], "texture": "#10"},
				"west": {"uv": [5, 5, 11, 11], "texture": "#10"},
				"up": {"uv": [0, 0, 6, 0], "rotation": 90, "texture": "#10"},
				"down": {"uv": [0, 0, 6, 0], "rotation": 270, "texture": "#10"}
			}
		},
		{
			"from": [2.1, 1, 15],
			"to": [2.1, 7, 21],
			"faces": {
				"north": {"uv": [0, 0, 0, 6], "texture": "#10"},
				"east": {"uv": [5, 4, 11, 10], "texture": "#10"},
				"south": {"uv": [0, 0, 0, 6], "texture": "#10"},
				"west": {"uv": [5, 5, 11, 11], "texture": "#10"},
				"up": {"uv": [0, 0, 6, 0], "rotation": 90, "texture": "#10"},
				"down": {"uv": [0, 0, 6, 0], "rotation": 270, "texture": "#10"}
			}
		},
		{
			"from": [16.1, 1, 15],
			"to": [16.1, 7, 21],
			"faces": {
				"north": {"uv": [0, 0, 0, 6], "texture": "#10"},
				"east": {"uv": [5, 4, 11, 10], "texture": "#10"},
				"south": {"uv": [0, 0, 0, 6], "texture": "#10"},
				"west": {"uv": [5, 5, 11, 11], "texture": "#10"},
				"up": {"uv": [0, 0, 6, 0], "rotation": 90, "texture": "#10"},
				"down": {"uv": [0, 0, 6, 0], "rotation": 270, "texture": "#10"}
			}
		},
		{
			"from": [3, 7, -4],
			"to": [13, 16, 6],
			"faces": {
				"north": {"uv": [0, 0, 10, 9], "texture": "#5"},
				"east": {"uv": [0, 0, 10, 9], "texture": "#1"},
				"south": {"uv": [0, 0, 10, 9], "texture": "#1"},
				"west": {"uv": [0, 0, 10, 9], "texture": "#1"},
				"up": {"uv": [0, 0, 10, 10], "rotation": 90, "texture": "#1"},
				"down": {"uv": [0, 0, 10, 10], "rotation": 270, "texture": "#1"}
			}
		},
		{
			"from": [4, 16, -4],
			"to": [12, 18, 6],
			"faces": {
				"north": {"uv": [0, 0, 8, 2], "texture": "#5"},
				"east": {"uv": [0, 0, 10, 2], "texture": "#1"},
				"south": {"uv": [0, 0, 8, 2], "texture": "#1"},
				"west": {"uv": [0, 0, 10, 2], "texture": "#1"},
				"up": {"uv": [0, 0, 10, 8], "rotation": 90, "texture": "#1"},
				"down": {"uv": [0, 0, 10, 8], "rotation": 270, "texture": "#1"}
			}
		},
		{
			"from": [2, 8, 6],
			"to": [3, 16, 23],
			"faces": {
				"north": {"uv": [0, 0, 1, 8], "texture": "#1"},
				"east": {"uv": [0, 0, 16, 8], "texture": "#1"},
				"south": {"uv": [0, 0, 1, 8], "texture": "#1"},
				"west": {"uv": [0, 0, 16, 8], "texture": "#1"},
				"up": {"uv": [0, 0, 16, 1], "rotation": 90, "texture": "#1"},
				"down": {"uv": [0, 0, 16, 1], "rotation": 270, "texture": "#1"}
			}
		},
		{
			"from": [2, 7, 6],
			"to": [14, 8, 23],
			"faces": {
				"north": {"uv": [0, 0, 12, 1], "texture": "#1"},
				"east": {"uv": [0, 0, 16, 1], "texture": "#1"},
				"south": {"uv": [0, 0, 12, 1], "texture": "#1"},
				"west": {"uv": [0, 0, 16, 1], "texture": "#1"},
				"up": {"uv": [0, 0, 16, 12], "rotation": 90, "texture": "#1"},
				"down": {"uv": [0, 0, 16, 12], "rotation": 270, "texture": "#1"}
			}
		},
		{
			"from": [3, 8, 22],
			"to": [13, 16, 23],
			"faces": {
				"north": {"uv": [0, 0, 10, 8], "texture": "#1"},
				"east": {"uv": [0, 0, 1, 8], "texture": "#1"},
				"south": {"uv": [0, 0, 10, 8], "texture": "#1"},
				"west": {"uv": [0, 0, 1, 8], "texture": "#1"},
				"up": {"uv": [0, 0, 1, 10], "rotation": 90, "texture": "#1"},
				"down": {"uv": [0, 0, 1, 10], "rotation": 270, "texture": "#1"}
			}
		},
		{
			"from": [13, 8, 6],
			"to": [14, 16, 23],
			"faces": {
				"north": {"uv": [0, 0, 1, 8], "texture": "#1"},
				"east": {"uv": [0, 0, 16, 8], "texture": "#1"},
				"south": {"uv": [0, 0, 1, 8], "texture": "#1"},
				"west": {"uv": [0, 0, 16, 8], "texture": "#1"},
				"up": {"uv": [0, 0, 16, 1], "rotation": 90, "texture": "#1"},
				"down": {"uv": [0, 0, 16, 1], "rotation": 270, "texture": "#1"}
			}
		},
		{
			"from": [13, 17, 6],
			"to": [14, 21, 7],
			"faces": {
				"north": {"uv": [0, 0, 1, 4], "texture": "#1"},
				"east": {"uv": [0, 0, 1, 4], "texture": "#1"},
				"south": {"uv": [0, 0, 1, 4], "texture": "#1"},
				"west": {"uv": [0, 0, 1, 4], "texture": "#1"},
				"up": {"uv": [0, 0, 1, 1], "rotation": 90, "texture": "#1"},
				"down": {"uv": [0, 0, 1, 1], "rotation": 270, "texture": "#1"}
			}
		},
		{
			"from": [2, 16, 6],
			"to": [14, 17, 7],
			"faces": {
				"north": {"uv": [0, 0, 12, 1], "texture": "#1"},
				"east": {"uv": [0, 0, 1, 1], "texture": "#1"},
				"south": {"uv": [0, 0, 12, 1], "texture": "#1"},
				"west": {"uv": [0, 0, 1, 1], "texture": "#1"},
				"up": {"uv": [0, 0, 1, 12], "rotation": 90, "texture": "#1"},
				"down": {"uv": [0, 0, 1, 12], "rotation": 270, "texture": "#1"}
			}
		},
		{
			"from": [2, 17, 6],
			"to": [3, 21, 7],
			"faces": {
				"north": {"uv": [0, 0, 1, 4], "texture": "#1"},
				"east": {"uv": [0, 0, 1, 4], "texture": "#1"},
				"south": {"uv": [0, 0, 1, 4], "texture": "#1"},
				"west": {"uv": [0, 0, 1, 4], "texture": "#1"},
				"up": {"uv": [0, 0, 1, 1], "rotation": 90, "texture": "#1"},
				"down": {"uv": [0, 0, 1, 1], "rotation": 270, "texture": "#1"}
			}
		},
		{
			"from": [2, 21, 6],
			"to": [14, 22, 23],
			"faces": {
				"north": {"uv": [0, 0, 12, 1], "texture": "#1"},
				"east": {"uv": [0, 0, 16, 1], "texture": "#1"},
				"south": {"uv": [0, 0, 12, 1], "texture": "#1"},
				"west": {"uv": [0, 0, 16, 1], "texture": "#1"},
				"up": {"uv": [0, 0, 16, 12], "rotation": 90, "texture": "#1"},
				"down": {"uv": [0, 0, 16, 12], "rotation": 270, "texture": "#1"}
			}
		},
		{
			"from": [13, 16, 14],
			"to": [14, 21, 15],
			"faces": {
				"north": {"uv": [0, 0, 1, 5], "texture": "#1"},
				"east": {"uv": [0, 0, 1, 5], "texture": "#1"},
				"south": {"uv": [0, 0, 1, 5], "texture": "#1"},
				"west": {"uv": [0, 0, 1, 5], "texture": "#1"},
				"up": {"uv": [0, 0, 1, 1], "rotation": 90, "texture": "#1"},
				"down": {"uv": [0, 0, 1, 1], "rotation": 270, "texture": "#1"}
			}
		},
		{
			"from": [2, 16, 14],
			"to": [3, 21, 15],
			"faces": {
				"north": {"uv": [0, 0, 1, 5], "texture": "#1"},
				"east": {"uv": [0, 0, 1, 5], "texture": "#1"},
				"south": {"uv": [0, 0, 1, 5], "texture": "#1"},
				"west": {"uv": [0, 0, 1, 5], "texture": "#1"},
				"up": {"uv": [0, 0, 1, 1], "rotation": 90, "texture": "#1"},
				"down": {"uv": [0, 0, 1, 1], "rotation": 270, "texture": "#1"}
			}
		},
		{
			"from": [13, 16, 22],
			"to": [14, 21, 23],
			"faces": {
				"north": {"uv": [0, 0, 1, 5], "texture": "#1"},
				"east": {"uv": [0, 0, 1, 5], "texture": "#1"},
				"south": {"uv": [0, 0, 1, 5], "texture": "#1"},
				"west": {"uv": [0, 0, 1, 5], "texture": "#1"},
				"up": {"uv": [0, 0, 1, 1], "rotation": 90, "texture": "#1"},
				"down": {"uv": [0, 0, 1, 1], "rotation": 270, "texture": "#1"}
			}
		},
		{
			"from": [2, 16, 22],
			"to": [3, 21, 23],
			"faces": {
				"north": {"uv": [0, 0, 1, 5], "texture": "#1"},
				"east": {"uv": [0, 0, 1, 5], "texture": "#1"},
				"south": {"uv": [0, 0, 1, 5], "texture": "#1"},
				"west": {"uv": [0, 0, 1, 5], "texture": "#1"},
				"up": {"uv": [0, 0, 1, 1], "rotation": 90, "texture": "#1"},
				"down": {"uv": [0, 0, 1, 1], "rotation": 270, "texture": "#1"}
			}
		},
		{
			"from": [2, 16, 7],
			"to": [3, 21, 14],
			"faces": {
				"north": {"uv": [0, 0, 1, 5], "texture": "#0"},
				"east": {"uv": [1, 1, 8, 6], "texture": "#0"},
				"south": {"uv": [0, 0, 1, 5], "texture": "#0"},
				"west": {"uv": [1, 1, 8, 6], "texture": "#0"},
				"up": {"uv": [0, 0, 7, 1], "rotation": 90, "texture": "#0"},
				"down": {"uv": [0, 0, 7, 1], "rotation": 270, "texture": "#0"}
			}
		},
		{
			"from": [13, 16, 7],
			"to": [14, 21, 14],
			"faces": {
				"north": {"uv": [0, 0, 1, 5], "texture": "#0"},
				"east": {"uv": [1, 1, 8, 6], "texture": "#0"},
				"south": {"uv": [0, 0, 1, 5], "texture": "#0"},
				"west": {"uv": [1, 1, 8, 6], "texture": "#0"},
				"up": {"uv": [0, 0, 7, 1], "rotation": 90, "texture": "#0"},
				"down": {"uv": [0, 0, 7, 1], "rotation": 270, "texture": "#0"}
			}
		},
		{
			"from": [3, 16, 22],
			"to": [13, 21, 23],
			"faces": {
				"north": {"uv": [1, 1, 11, 6], "texture": "#0"},
				"east": {"uv": [0, 0, 1, 5], "texture": "#0"},
				"south": {"uv": [1, 1, 11, 6], "texture": "#0"},
				"west": {"uv": [0, 0, 1, 5], "texture": "#0"},
				"up": {"uv": [0, 0, 1, 10], "rotation": 90, "texture": "#0"},
				"down": {"uv": [0, 0, 1, 10], "rotation": 270, "texture": "#0"}
			}
		},
		{
			"from": [3, 17, 6],
			"to": [13, 21, 7],
			"faces": {
				"north": {"uv": [1, 1, 11, 5], "texture": "#0"},
				"east": {"uv": [0, 0, 1, 4], "texture": "#0"},
				"south": {"uv": [1, 1, 11, 5], "texture": "#0"},
				"west": {"uv": [0, 0, 1, 4], "texture": "#0"},
				"up": {"uv": [0, 0, 1, 10], "rotation": 90, "texture": "#0"},
				"down": {"uv": [0, 0, 1, 10], "rotation": 270, "texture": "#0"}
			}
		},
		{
			"from": [2, 16, 15],
			"to": [3, 21, 22],
			"faces": {
				"north": {"uv": [0, 0, 1, 5], "texture": "#0"},
				"east": {"uv": [1, 1, 8, 6], "texture": "#0"},
				"south": {"uv": [0, 0, 1, 5], "texture": "#0"},
				"west": {"uv": [1, 1, 8, 6], "texture": "#0"},
				"up": {"uv": [0, 0, 7, 1], "rotation": 90, "texture": "#0"},
				"down": {"uv": [0, 0, 7, 1], "rotation": 270, "texture": "#0"}
			}
		},
		{
			"from": [13, 16, 15],
			"to": [14, 21, 22],
			"faces": {
				"north": {"uv": [0, 0, 1, 5], "texture": "#0"},
				"east": {"uv": [1, 1, 8, 6], "texture": "#0"},
				"south": {"uv": [0, 0, 1, 5], "texture": "#0"},
				"west": {"uv": [1, 1, 8, 6], "texture": "#0"},
				"up": {"uv": [0, 0, 7, 1], "rotation": 90, "texture": "#0"},
				"down": {"uv": [0, 0, 7, 1], "rotation": 270, "texture": "#0"}
			}
		},
		{
			"from": [-1, 9, -7],
			"to": [3, 10, 3],
			"faces": {
				"north": {"uv": [0, 0, 4, 1], "texture": "#3"},
				"east": {"uv": [0, 0, 10, 1], "texture": "#3"},
				"south": {"uv": [0, 0, 4, 1], "texture": "#3"},
				"west": {"uv": [0, 0, 10, 1], "texture": "#3"},
				"up": {"uv": [0, 0, 10, 4], "rotation": 90, "texture": "#3"},
				"down": {"uv": [0, 0, 10, 4], "rotation": 270, "texture": "#3"}
			}
		},
		{
			"from": [-1, 6, 4],
			"to": [3, 7, 12],
			"faces": {
				"north": {"uv": [0, 0, 4, 1], "texture": "#3"},
				"east": {"uv": [0, 0, 8, 1], "texture": "#3"},
				"south": {"uv": [0, 0, 4, 1], "texture": "#3"},
				"west": {"uv": [0, 0, 8, 1], "texture": "#3"},
				"up": {"uv": [0, 0, 8, 4], "rotation": 90, "texture": "#3"},
				"down": {"uv": [0, 0, 8, 4], "rotation": 270, "texture": "#3"}
			}
		},
		{
			"from": [13, 6, 4],
			"to": [17, 7, 12],
			"faces": {
				"north": {"uv": [0, 0, 4, 1], "texture": "#3"},
				"east": {"uv": [0, 0, 8, 1], "texture": "#3"},
				"south": {"uv": [0, 0, 4, 1], "texture": "#3"},
				"west": {"uv": [0, 0, 8, 1], "texture": "#3"},
				"up": {"uv": [0, 0, 8, 4], "rotation": 90, "texture": "#3"},
				"down": {"uv": [0, 0, 8, 4], "rotation": 270, "texture": "#3"}
			}
		},
		{
			"from": [13, 9, -7],
			"to": [17, 10, 3],
			"faces": {
				"north": {"uv": [0, 0, 4, 1], "texture": "#3"},
				"east": {"uv": [0, 0, 10, 1], "texture": "#3"},
				"south": {"uv": [0, 0, 4, 1], "texture": "#3"},
				"west": {"uv": [0, 0, 10, 1], "texture": "#3"},
				"up": {"uv": [0, 0, 10, 4], "rotation": 90, "texture": "#3"},
				"down": {"uv": [0, 0, 10, 4], "rotation": 270, "texture": "#3"}
			}
		},
		{
			"from": [-1, 9, 13],
			"to": [2, 10, 23],
			"faces": {
				"north": {"uv": [0, 0, 3, 1], "texture": "#3"},
				"east": {"uv": [0, 0, 10, 1], "texture": "#3"},
				"south": {"uv": [0, 0, 3, 1], "texture": "#3"},
				"west": {"uv": [0, 0, 10, 1], "texture": "#3"},
				"up": {"uv": [0, 0, 10, 3], "rotation": 90, "texture": "#3"},
				"down": {"uv": [0, 0, 10, 3], "rotation": 270, "texture": "#3"}
			}
		},
		{
			"from": [14, 9, 13],
			"to": [17, 10, 23],
			"faces": {
				"north": {"uv": [0, 0, 3, 1], "texture": "#3"},
				"east": {"uv": [0, 0, 10, 1], "texture": "#3"},
				"south": {"uv": [0, 0, 3, 1], "texture": "#3"},
				"west": {"uv": [0, 0, 10, 1], "texture": "#3"},
				"up": {"uv": [0, 0, 10, 3], "rotation": 90, "texture": "#3"},
				"down": {"uv": [0, 0, 10, 3], "rotation": 270, "texture": "#3"}
			}
		},
		{
			"from": [-1, 6, 3],
			"to": [3, 10, 4],
			"faces": {
				"north": {"uv": [0, 0, 4, 4], "texture": "#3"},
				"east": {"uv": [0, 0, 1, 4], "texture": "#3"},
				"south": {"uv": [0, 0, 4, 4], "texture": "#3"},
				"west": {"uv": [0, 0, 1, 4], "texture": "#3"},
				"up": {"uv": [0, 0, 1, 4], "rotation": 90, "texture": "#3"},
				"down": {"uv": [0, 0, 1, 4], "rotation": 270, "texture": "#3"}
			}
		},
		{
			"from": [13, 6, 3],
			"to": [17, 10, 4],
			"faces": {
				"north": {"uv": [0, 0, 4, 4], "texture": "#3"},
				"east": {"uv": [0, 0, 1, 4], "texture": "#3"},
				"south": {"uv": [0, 0, 4, 4], "texture": "#3"},
				"west": {"uv": [0, 0, 1, 4], "texture": "#3"},
				"up": {"uv": [0, 0, 1, 4], "rotation": 90, "texture": "#3"},
				"down": {"uv": [0, 0, 1, 4], "rotation": 270, "texture": "#3"}
			}
		},
		{
			"from": [-1, 6, 23],
			"to": [3, 10, 24],
			"faces": {
				"north": {"uv": [0, 0, 4, 4], "texture": "#3"},
				"east": {"uv": [0, 0, 1, 4], "texture": "#3"},
				"south": {"uv": [0, 0, 4, 4], "texture": "#3"},
				"west": {"uv": [0, 0, 1, 4], "texture": "#3"},
				"up": {"uv": [0, 0, 1, 4], "rotation": 90, "texture": "#3"},
				"down": {"uv": [0, 0, 1, 4], "rotation": 270, "texture": "#3"}
			}
		},
		{
			"from": [13, 6, 23],
			"to": [17, 10, 24],
			"faces": {
				"north": {"uv": [0, 0, 4, 4], "texture": "#3"},
				"east": {"uv": [0, 0, 1, 4], "texture": "#3"},
				"south": {"uv": [0, 0, 4, 4], "texture": "#3"},
				"west": {"uv": [0, 0, 1, 4], "texture": "#3"},
				"up": {"uv": [0, 0, 1, 4], "rotation": 90, "texture": "#3"},
				"down": {"uv": [0, 0, 1, 4], "rotation": 270, "texture": "#3"}
			}
		},
		{
			"from": [-1, 6, -8],
			"to": [3, 10, -7],
			"faces": {
				"north": {"uv": [0, 0, 4, 4], "texture": "#3"},
				"east": {"uv": [0, 0, 1, 4], "texture": "#3"},
				"south": {"uv": [0, 0, 4, 4], "texture": "#3"},
				"west": {"uv": [0, 0, 1, 4], "texture": "#3"},
				"up": {"uv": [0, 0, 1, 4], "rotation": 90, "texture": "#3"},
				"down": {"uv": [0, 0, 1, 4], "rotation": 270, "texture": "#3"}
			}
		},
		{
			"from": [13, 6, -8],
			"to": [17, 10, -7],
			"faces": {
				"north": {"uv": [0, 0, 4, 4], "texture": "#3"},
				"east": {"uv": [0, 0, 1, 4], "texture": "#3"},
				"south": {"uv": [0, 0, 4, 4], "texture": "#3"},
				"west": {"uv": [0, 0, 1, 4], "texture": "#3"},
				"up": {"uv": [0, 0, 1, 4], "rotation": 90, "texture": "#3"},
				"down": {"uv": [0, 0, 1, 4], "rotation": 270, "texture": "#3"}
			}
		},
		{
			"from": [-1, 6, 12],
			"to": [2, 10, 13],
			"faces": {
				"north": {"uv": [0, 0, 3, 4], "texture": "#3"},
				"east": {"uv": [0, 0, 1, 4], "texture": "#3"},
				"south": {"uv": [0, 0, 3, 4], "texture": "#3"},
				"west": {"uv": [0, 0, 1, 4], "texture": "#3"},
				"up": {"uv": [0, 0, 1, 3], "rotation": 90, "texture": "#3"},
				"down": {"uv": [0, 0, 1, 3], "rotation": 270, "texture": "#3"}
			}
		},
		{
			"from": [14, 6, 12],
			"to": [17, 10, 13],
			"faces": {
				"north": {"uv": [0, 0, 3, 4], "texture": "#3"},
				"east": {"uv": [0, 0, 1, 4], "texture": "#3"},
				"south": {"uv": [0, 0, 3, 4], "texture": "#3"},
				"west": {"uv": [0, 0, 1, 4], "texture": "#3"},
				"up": {"uv": [0, 0, 1, 3], "rotation": 90, "texture": "#3"},
				"down": {"uv": [0, 0, 1, 3], "rotation": 270, "texture": "#3"}
			}
		},
		{
			"from": [-1, 11, -7],
			"to": [3, 15, -5],
			"faces": {
				"north": {"uv": [1, 1, 5, 5], "texture": "#7"},
				"east": {"uv": [0, 0, 2, 4], "texture": "#5"},
				"south": {"uv": [0, 0, 4, 4], "texture": "#5"},
				"west": {"uv": [0, 0, 2, 4], "texture": "#5"},
				"up": {"uv": [0, 0, 2, 4], "rotation": 90, "texture": "#5"},
				"down": {"uv": [0, 0, 2, 4], "rotation": 270, "texture": "#5"}
			}
		},
		{
			"from": [13, 11, -7],
			"to": [17, 15, -5],
			"faces": {
				"north": {"uv": [1, 1, 5, 5], "texture": "#7"},
				"east": {"uv": [0, 0, 2, 4], "texture": "#5"},
				"south": {"uv": [0, 0, 4, 4], "texture": "#missing"},
				"west": {"uv": [0, 0, 2, 4], "texture": "#5"},
				"up": {"uv": [0, 0, 2, 4], "rotation": 90, "texture": "#5"},
				"down": {"uv": [0, 0, 2, 4], "rotation": 270, "texture": "#5"}
			}
		},
		{
			"from": [0, 10, -4],
			"to": [2, 13, -3],
			"faces": {
				"north": {"uv": [0, 0, 2, 3], "texture": "#5"},
				"east": {"uv": [0, 0, 1, 3], "texture": "#5"},
				"south": {"uv": [0, 0, 2, 3], "texture": "#5"},
				"west": {"uv": [0, 0, 1, 3], "texture": "#5"},
				"up": {"uv": [0, 0, 1, 2], "rotation": 90, "texture": "#5"},
				"down": {"uv": [0, 0, 1, 2], "rotation": 270, "texture": "#5"}
			}
		},
		{
			"from": [2, 14, 5],
			"to": [3, 15, 6],
			"faces": {
				"north": {"uv": [0, 0, 1, 1], "texture": "#5"},
				"east": {"uv": [0, 0, 1, 1], "texture": "#5"},
				"south": {"uv": [0, 0, 1, 1], "texture": "#5"},
				"west": {"uv": [0, 0, 1, 1], "texture": "#5"},
				"up": {"uv": [0, 0, 1, 1], "rotation": 90, "texture": "#5"},
				"down": {"uv": [0, 0, 1, 1], "rotation": 270, "texture": "#5"}
			}
		},
		{
			"from": [13, 14, 5],
			"to": [14, 15, 6],
			"faces": {
				"north": {"uv": [0, 0, 1, 1], "texture": "#5"},
				"east": {"uv": [0, 0, 1, 1], "texture": "#5"},
				"south": {"uv": [0, 0, 1, 1], "texture": "#5"},
				"west": {"uv": [0, 0, 1, 1], "texture": "#5"},
				"up": {"uv": [0, 0, 1, 1], "rotation": 90, "texture": "#5"},
				"down": {"uv": [0, 0, 1, 1], "rotation": 270, "texture": "#5"}
			}
		},
		{
			"from": [0, 14, 5],
			"to": [2, 16, 6],
			"faces": {
				"north": {"uv": [1, 1, 3, 3], "texture": "#7"},
				"east": {"uv": [0, 0, 1, 2], "texture": "#5"},
				"south": {"uv": [0, 0, 2, 2], "texture": "#5"},
				"west": {"uv": [0, 0, 1, 2], "texture": "#5"},
				"up": {"uv": [0, 0, 1, 2], "rotation": 90, "texture": "#5"},
				"down": {"uv": [0, 0, 1, 2], "rotation": 270, "texture": "#5"}
			}
		},
		{
			"from": [14, 14, 5],
			"to": [16, 16, 6],
			"faces": {
				"north": {"uv": [1, 1, 3, 3], "texture": "#7"},
				"east": {"uv": [0, 0, 1, 2], "texture": "#5"},
				"south": {"uv": [0, 0, 2, 2], "texture": "#5"},
				"west": {"uv": [0, 0, 1, 2], "texture": "#5"},
				"up": {"uv": [0, 0, 1, 2], "rotation": 90, "texture": "#5"},
				"down": {"uv": [0, 0, 1, 2], "rotation": 270, "texture": "#5"}
			}
		},
		{
			"from": [14, 10, -4],
			"to": [16, 13, -3],
			"faces": {
				"north": {"uv": [0, 0, 2, 3], "texture": "#5"},
				"east": {"uv": [0, 0, 1, 3], "texture": "#5"},
				"south": {"uv": [0, 0, 2, 3], "texture": "#5"},
				"west": {"uv": [0, 0, 1, 3], "texture": "#5"},
				"up": {"uv": [0, 0, 1, 2], "rotation": 90, "texture": "#5"},
				"down": {"uv": [0, 0, 1, 2], "rotation": 270, "texture": "#5"}
			}
		},
		{
			"from": [-1, 11, -5],
			"to": [3, 14, -4],
			"faces": {
				"north": {"uv": [0, 0, 4, 3], "texture": "#5"},
				"east": {"uv": [0, 0, 1, 3], "texture": "#5"},
				"south": {"uv": [0, 0, 4, 3], "texture": "#5"},
				"west": {"uv": [0, 0, 1, 3], "texture": "#5"},
				"up": {"uv": [0, 0, 1, 4], "rotation": 90, "texture": "#5"},
				"down": {"uv": [0, 0, 1, 4], "rotation": 270, "texture": "#5"}
			}
		},
		{
			"from": [13, 11, -5],
			"to": [17, 14, -4],
			"faces": {
				"north": {"uv": [0, 0, 4, 3], "texture": "#5"},
				"east": {"uv": [0, 0, 1, 3], "texture": "#5"},
				"south": {"uv": [0, 0, 4, 3], "texture": "#5"},
				"west": {"uv": [0, 0, 1, 3], "texture": "#5"},
				"up": {"uv": [0, 0, 1, 4], "rotation": 90, "texture": "#5"},
				"down": {"uv": [0, 0, 1, 4], "rotation": 270, "texture": "#5"}
			}
		},
		{
			"from": [3, 13, 11],
			"to": [4, 18, 12],
			"faces": {
				"north": {"uv": [0, 0, 1, 5], "texture": "#4"},
				"east": {"uv": [0, 0, 1, 5], "texture": "#4"},
				"south": {"uv": [0, 0, 1, 5], "texture": "#4"},
				"west": {"uv": [0, 0, 1, 5], "texture": "#4"},
				"up": {"uv": [0, 0, 1, 1], "rotation": 90, "texture": "#4"},
				"down": {"uv": [0, 0, 1, 1], "rotation": 270, "texture": "#4"}
			}
		},
		{
			"from": [7, 13, 11],
			"to": [8, 18, 12],
			"faces": {
				"north": {"uv": [0, 0, 1, 5], "texture": "#4"},
				"east": {"uv": [0, 0, 1, 5], "texture": "#4"},
				"south": {"uv": [0, 0, 1, 5], "texture": "#4"},
				"west": {"uv": [0, 0, 1, 5], "texture": "#4"},
				"up": {"uv": [0, 0, 1, 1], "rotation": 90, "texture": "#4"},
				"down": {"uv": [0, 0, 1, 1], "rotation": 270, "texture": "#4"}
			}
		},
		{
			"from": [4, 13, 11],
			"to": [7, 14, 12],
			"faces": {
				"north": {"uv": [0, 0, 3, 1], "texture": "#4"},
				"east": {"uv": [0, 0, 1, 1], "texture": "#4"},
				"south": {"uv": [0, 0, 3, 1], "texture": "#4"},
				"west": {"uv": [0, 0, 1, 1], "texture": "#4"},
				"up": {"uv": [0, 0, 1, 3], "rotation": 90, "texture": "#4"},
				"down": {"uv": [0, 0, 1, 3], "rotation": 270, "texture": "#4"}
			}
		},
		{
			"from": [4, 17, 11],
			"to": [7, 18, 12],
			"faces": {
				"north": {"uv": [0, 0, 3, 1], "texture": "#4"},
				"east": {"uv": [0, 0, 1, 1], "texture": "#4"},
				"south": {"uv": [0, 0, 3, 1], "texture": "#4"},
				"west": {"uv": [0, 0, 1, 1], "texture": "#4"},
				"up": {"uv": [0, 0, 1, 3], "rotation": 90, "texture": "#4"},
				"down": {"uv": [0, 0, 1, 3], "rotation": 270, "texture": "#4"}
			}
		},
		{
			"from": [4, 8, -4.1],
			"to": [12, 16, -4.1],
			"faces": {
				"north": {"uv": [1, 0, 15, 14], "texture": "#3"},
				"east": {"uv": [0, 0, 0, 8], "texture": "#3"},
				"south": {"uv": [1, 0, 15, 14], "texture": "#3"},
				"west": {"uv": [0, 0, 0, 8], "texture": "#3"},
				"up": {"uv": [0, 0, 0, 8], "rotation": 90, "texture": "#3"},
				"down": {"uv": [0, 0, 0, 8], "rotation": 270, "texture": "#3"}
			}
		}
	],
	"display": {
		"head": {
			"translation": [0, -27, 0],
			"scale": [2, 2, 2]
		}
	},
	"groups": [
		{
			"name": "base",
			"origin": [8, 8, 8],
			"children": [0, 1, 2, 3, 4, 5, 6, 7, 8, 9, 10,
				{
					"name": "upper",
					"origin": [8, 8, 8],
					"children": [11, 12, 13, 14]
				}
			]
		},
		{
			"name": "wheel",
			"origin": [8, 8, 8],
			"children": [15, 16, 17, 18, 19, 20, 21, 22, 23, 24, 25, 26]
		},
		{
			"name": "outside",
			"origin": [8, 8, 8],
			"children": [27, 28,
				{
					"name": "site",
					"origin": [8, 8, 8],
					"children": [29, 30, 31, 32, 33, 34, 35, 36, 37, 38, 39, 40,
						{
							"name": "glass",
							"origin": [8, 8, 8],
							"children": [41, 42, 43, 44, 45, 46]
						}
					]
				},
				{
					"name": "out",
					"origin": [8, 8, 8],
					"children": [47, 48, 49, 50, 51, 52, 53, 54, 55, 56, 57, 58, 59, 60]
				},
				{
					"name": "lamp",
					"origin": [8, 8, 8],
					"children": [61, 62, 63, 64, 65, 66, 67, 68, 69, 70]
				}
			]
		},
		{
			"name": "widget",
			"origin": [8, 8, 8],
			"children": [71, 72, 73, 74, 75]
		}
	]
}
#本包由GoldenEggs工作室：Nightmare Abyss 制作组，侵权必究！
#This package is produced by GoldenEggs Studio: Nightmare Abyss. Infringement will be investigated!