{
	"parent": "block/block",
	"textures": {
		"1": "block/red_wool",
		"2": "block/iron_block",
		"3": "block/gray_wool"
	},
	"elements": [
		{
			"from": [7.25, 1.75, 12],
			"to": [8.75, 4.25, 12.25],
			"faces": {
				"north": {"uv": [0, 0, 1.5, 2.5], "texture": "#1"},
				"east": {"uv": [0, 0, 0.25, 2.5], "texture": "#1"},
				"south": {"uv": [0, 0, 1.5, 2.5], "texture": "#1"},
				"west": {"uv": [0, 0, 0.25, 2.5], "texture": "#1"},
				"up": {"uv": [0, 0, 1.5, 0.25], "rotation": 180, "texture": "#1"},
				"down": {"uv": [0, 0, 1.5, 0.25], "rotation": 180, "texture": "#1"}
			}
		},
		{
			"from": [6.75, 2.25, 12],
			"to": [9.25, 3.75, 12.25],
			"faces": {
				"north": {"uv": [0, 0, 2.5, 1.5], "texture": "#1"},
				"east": {"uv": [0, 0, 0.25, 1.5], "texture": "#1"},
				"south": {"uv": [0, 0, 2.5, 1.5], "texture": "#1"},
				"west": {"uv": [0, 0, 0.25, 1.5], "texture": "#1"},
				"up": {"uv": [0, 0, 2.5, 0.25], "rotation": 180, "texture": "#1"},
				"down": {"uv": [0, 0, 2.5, 0.25], "rotation": 180, "texture": "#1"}
			}
		},
		{
			"from": [7.75, 2.25, 12],
			"to": [8.25, 3.75, 12.5],
			"faces": {
				"north": {"uv": [0, 0, 0.5, 1.5], "texture": "#2"},
				"east": {"uv": [0, 0, 0.5, 1.5], "texture": "#2"},
				"south": {"uv": [0, 0, 0.5, 1.5], "texture": "#2"},
				"west": {"uv": [0, 0, 0.5, 1.5], "texture": "#2"},
				"up": {"uv": [0, 0, 0.5, 0.5], "rotation": 180, "texture": "#2"},
				"down": {"uv": [0, 0, 0.5, 0.5], "rotation": 180, "texture": "#2"}
			}
		},
		{
			"from": [7.25, 2.75, 12],
			"to": [8.75, 3.25, 12.5],
			"faces": {
				"north": {"uv": [0, 0, 1.5, 0.5], "texture": "#2"},
				"east": {"uv": [0, 0, 0.5, 0.5], "texture": "#2"},
				"south": {"uv": [0, 0, 1.5, 0.5], "texture": "#2"},
				"west": {"uv": [0, 0, 0.5, 0.5], "texture": "#2"},
				"up": {"uv": [0, 0, 1.5, 0.5], "rotation": 180, "texture": "#2"},
				"down": {"uv": [0, 0, 1.5, 0.5], "rotation": 180, "texture": "#2"}
			}
		},
		{
			"from": [2, 0.5, 11],
			"to": [14, 7, 12],
			"faces": {
				"north": {"uv": [2, 3, 14, 9.5], "texture": "#2"},
				"east": {"uv": [3, 3, 4, 9.5], "texture": "#2"},
				"south": {"uv": [1, 3, 13, 9.5], "texture": "#2"},
				"west": {"uv": [3, 3, 4, 9.5], "texture": "#2"},
				"up": {"uv": [2, 0, 14, 1], "rotation": 180, "texture": "#2"},
				"down": {"uv": [2, 0, 14, 1], "rotation": 180, "texture": "#2"}
			}
		},
		{
			"from": [2, 0.5, 4],
			"to": [14, 7, 5],
			"faces": {
				"north": {"uv": [2, 3, 14, 9.5], "texture": "#2"},
				"east": {"uv": [3, 3, 4, 9.5], "texture": "#2"},
				"south": {"uv": [2, 3, 14, 9.5], "texture": "#2"},
				"west": {"uv": [3, 3, 4, 9.5], "texture": "#2"},
				"up": {"uv": [2, 0, 14, 1], "rotation": 180, "texture": "#2"},
				"down": {"uv": [2, 0, 14, 1], "rotation": 180, "texture": "#2"}
			}
		},
		{
			"from": [2, 0, 4.5],
			"to": [14, 0.5, 11.5],
			"faces": {
				"north": {"uv": [0, 0, 12, 0.5], "texture": "#2"},
				"east": {"uv": [0, 0, 7, 0.5], "texture": "#2"},
				"south": {"uv": [0, 0, 12, 0.5], "texture": "#2"},
				"west": {"uv": [0, 0, 7, 0.5], "texture": "#2"},
				"up": {"uv": [0, 0, 12, 7], "rotation": 180, "texture": "#2"},
				"down": {"uv": [2, 5, 14, 12], "rotation": 180, "texture": "#2"}
			}
		},
		{
			"from": [2, 7, 4.5],
			"to": [14, 7.5, 11.5],
			"faces": {
				"north": {"uv": [0, 0, 12, 0.5], "texture": "#2"},
				"east": {"uv": [0, 0, 7, 0.5], "texture": "#2"},
				"south": {"uv": [0, 0, 12, 0.5], "texture": "#2"},
				"west": {"uv": [0, 0, 7, 0.5], "texture": "#2"},
				"up": {"uv": [2, 4, 14, 11], "rotation": 180, "texture": "#2"},
				"down": {"uv": [0, 0, 12, 7], "rotation": 180, "texture": "#2"}
			}
		},
		{
			"from": [14, 0.5, 4.5],
			"to": [14.5, 7, 11.5],
			"faces": {
				"north": {"uv": [0, 0, 0.5, 6.5], "texture": "#2"},
				"east": {"uv": [5, 3, 12, 9.5], "texture": "#2"},
				"south": {"uv": [0, 0, 0.5, 6.5], "texture": "#2"},
				"west": {"uv": [4, 3, 11, 9.5], "texture": "#2"},
				"up": {"uv": [0, 0, 0.5, 7], "rotation": 180, "texture": "#2"},
				"down": {"uv": [0, 0, 0.5, 7], "rotation": 180, "texture": "#2"}
			}
		},
		{
			"from": [1.5, 0.5, 4.5],
			"to": [2, 7, 11.5],
			"faces": {
				"north": {"uv": [0, 0, 0.5, 6.5], "texture": "#2"},
				"east": {"uv": [5, 3, 12, 9.5], "texture": "#2"},
				"south": {"uv": [0, 0, 0.5, 6.5], "texture": "#2"},
				"west": {"uv": [4, 3, 11, 9.5], "texture": "#2"},
				"up": {"uv": [0, 0, 0.5, 7], "rotation": 180, "texture": "#2"},
				"down": {"uv": [0, 0, 0.5, 7], "rotation": 180, "texture": "#2"}
			}
		},
		{
			"from": [4, 4.5, 12],
			"to": [5, 6.5, 12.5],
			"faces": {
				"north": {"uv": [0, 0, 1, 2], "texture": "#3"},
				"east": {"uv": [0, 0, 0.5, 2], "texture": "#3"},
				"south": {"uv": [0, 0, 1, 2], "texture": "#3"},
				"west": {"uv": [0, 0, 0.5, 2], "texture": "#3"},
				"up": {"uv": [0, 0, 1, 0.5], "rotation": 180, "texture": "#3"},
				"down": {"uv": [0, 0, 1, 0.5], "rotation": 180, "texture": "#3"}
			}
		},
		{
			"from": [4, 4.5, 3.5],
			"to": [5, 6.5, 4],
			"faces": {
				"north": {"uv": [0, 0, 1, 2], "texture": "#3"},
				"east": {"uv": [0, 0, 0.5, 2], "texture": "#3"},
				"south": {"uv": [0, 0, 1, 2], "texture": "#3"},
				"west": {"uv": [0, 0, 0.5, 2], "texture": "#3"},
				"up": {"uv": [0, 0, 1, 0.5], "rotation": 180, "texture": "#3"},
				"down": {"uv": [0, 0, 1, 0.5], "rotation": 180, "texture": "#3"}
			}
		},
		{
			"from": [11, 4.5, 12],
			"to": [12, 6.5, 12.5],
			"faces": {
				"north": {"uv": [0, 0, 1, 2], "texture": "#3"},
				"east": {"uv": [0, 0, 0.5, 2], "texture": "#3"},
				"south": {"uv": [0, 0, 1, 2], "texture": "#3"},
				"west": {"uv": [0, 0, 0.5, 2], "texture": "#3"},
				"up": {"uv": [0, 0, 1, 0.5], "rotation": 180, "texture": "#3"},
				"down": {"uv": [0, 0, 1, 0.5], "rotation": 180, "texture": "#3"}
			}
		},
		{
			"from": [11, 4.5, 3.5],
			"to": [12, 6.5, 4],
			"faces": {
				"north": {"uv": [0, 0, 1, 2], "texture": "#3"},
				"east": {"uv": [0, 0, 0.5, 2], "texture": "#3"},
				"south": {"uv": [0, 0, 1, 2], "texture": "#3"},
				"west": {"uv": [0, 0, 0.5, 2], "texture": "#3"},
				"up": {"uv": [0, 0, 1, 0.5], "rotation": 180, "texture": "#3"},
				"down": {"uv": [0, 0, 1, 0.5], "rotation": 180, "texture": "#3"}
			}
		},
		{
			"from": [6.5, 9, 7.5],
			"to": [9.5, 9.5, 8.5],
			"faces": {
				"north": {"uv": [0, 0, 3, 0.5], "texture": "#3"},
				"east": {"uv": [0, 0, 1, 0.5], "texture": "#3"},
				"south": {"uv": [0, 0, 3, 0.5], "texture": "#3"},
				"west": {"uv": [0, 0, 1, 0.5], "texture": "#3"},
				"up": {"uv": [0, 0, 3, 1], "rotation": 180, "texture": "#3"},
				"down": {"uv": [0, 0, 3, 1], "rotation": 180, "texture": "#3"}
			}
		},
		{
			"from": [9.5, 7.5, 7.5],
			"to": [10, 9, 8.5],
			"faces": {
				"north": {"uv": [0, 0, 0.5, 1.5], "texture": "#3"},
				"east": {"uv": [0, 0, 1, 1.5], "texture": "#3"},
				"south": {"uv": [0, 0, 0.5, 1.5], "texture": "#3"},
				"west": {"uv": [0, 0, 1, 1.5], "texture": "#3"},
				"up": {"uv": [0, 0, 0.5, 1], "rotation": 180, "texture": "#3"},
				"down": {"uv": [0, 0, 0.5, 1], "rotation": 180, "texture": "#3"}
			}
		},
		{
			"from": [6, 7.5, 7.5],
			"to": [6.5, 9, 8.5],
			"faces": {
				"north": {"uv": [0, 0, 0.5, 1.5], "texture": "#3"},
				"east": {"uv": [0, 0, 1, 1.5], "texture": "#3"},
				"south": {"uv": [0, 0, 0.5, 1.5], "texture": "#3"},
				"west": {"uv": [0, 0, 1, 1.5], "texture": "#3"},
				"up": {"uv": [0, 0, 0.5, 1], "rotation": 180, "texture": "#3"},
				"down": {"uv": [0, 0, 0.5, 1], "rotation": 180, "texture": "#3"}
			}
		}
	],
	"display": {
		"thirdperson_righthand": {
			"rotation": [67.5, -90, 0],
			"scale": [0.75, 0.75, 0.75]
		},
		"thirdperson_lefthand": {
			"rotation": [67.5, -90, 0],
			"scale": [0.75, 0.75, 0.75]
		},
		"fixed": {
			"rotation": [0, -180, 0]
		}
	},
	"groups": [
		{
			"name": "group",
			"origin": [8, 8, 8],
			"children": [
				{
					"name": "group",
					"origin": [8, 8, 8],
					"children": [0, 1, 2, 3]
				},
				{
					"name": "group",
					"origin": [8, 8, 8],
					"children": [4, 5, 6, 7, 8, 9]
				}, 10, 11, 12, 13, 14, 15, 16]
		}
	]
}
#本包由GoldenEggs工作室：Nightmare Abyss 制作组，侵权必究！
#This package is produced by GoldenEggs Studio: Nightmare Abyss. Infringement will be investigated!