{
    "parent": "item/generated",
    "textures": {
        "layer0": "item/green_dye"
    },
    "overrides":[
      {"predicate":{"custom_model_data":1},"model":"item/car1"},
	  {"predicate":{"custom_model_data":2},"model":"item/car2"},
	  {"predicate":{"custom_model_data":3},"model":"item/car3"},
	  {"predicate":{"custom_model_data":4},"model":"item/car4"},
	  {"predicate":{"custom_model_data":5},"model":"item/camera"},
	  {"predicate":{"custom_model_data":6},"model":"item/car5"}
    ]   
}
#本包由GoldenEggs工作室：Nightmare Abyss 制作组，侵权必究！
#This package is produced by GoldenEggs Studio: Nightmare Abyss. Infringement will be investigated!