{
	"textures": {
		"0": "block/spruce_planks",
		"1": "block/anvil",
		"2": "block/iron_block"
	},
	"elements": [
		{
			"from": [7.25, 8, 15.5],
			"to": [8.75, 10.5, 16],
			"rotation": {"angle": 22.5, "axis": "x", "origin": [8, 8, 8]},
			"faces": {
				"north": {"uv": [0, 0, 1, 2], "texture": "#1"},
				"east": {"uv": [0, 0, 2, 5], "texture": "#1"},
				"south": {"uv": [0, 0, 3, 5], "texture": "#1"},
				"west": {"uv": [0, 0, 1, 5], "texture": "#1"},
				"up": {"uv": [0, 0, 1, 3], "rotation": 270, "texture": "#1"},
				"down": {"uv": [0, 0, 1, 3], "rotation": 90, "texture": "#1"}
			}
		},
		{
			"from": [7.25, 8.5, 13],
			"to": [8.75, 10.5, 15.5],
			"rotation": {"angle": 22.5, "axis": "x", "origin": [8, 8, 8]},
			"faces": {
				"north": {"uv": [0, 0, 1, 2], "texture": "#0"},
				"east": {"uv": [0, 2, 5, 6], "texture": "#0"},
				"south": {"uv": [0, 0, 1, 2], "texture": "#0"},
				"west": {"uv": [0, 0, 5, 4], "texture": "#0"},
				"up": {"uv": [0, 0, 5, 3], "rotation": 270, "texture": "#0"},
				"down": {"uv": [0, 0, 5, 3], "rotation": 90, "texture": "#0"}
			}
		},
		{
			"from": [7.5, 7.5, 10.5],
			"to": [8.5, 8.5, 14],
			"faces": {
				"north": {"uv": [0, 0, 1, 1], "texture": "#0"},
				"east": {"uv": [0, 0, 7, 2], "texture": "#0"},
				"south": {"uv": [0, 0, 1, 1], "texture": "#0"},
				"west": {"uv": [0, 0, 7, 2], "texture": "#0"},
				"up": {"uv": [0, 0, 7, 2], "rotation": 270, "texture": "#0"},
				"down": {"uv": [0, 0, 7, 2], "rotation": 90, "texture": "#0"}
			}
		},
		{
			"from": [7.5, 7, 11.5],
			"to": [8.5, 7.5, 13.5],
			"faces": {
				"north": {"uv": [0, 0, 1, 1], "texture": "#0"},
				"east": {"uv": [0, 0, 2, 0.5], "texture": "#0"},
				"south": {"uv": [0, 0, 1, 1], "texture": "#0"},
				"west": {"uv": [0, 0, 2, 0.5], "texture": "#0"},
				"up": {"uv": [0, 0, 3, 1], "rotation": 270, "texture": "#0"},
				"down": {"uv": [0, 0, 2, 1], "rotation": 90, "texture": "#0"}
			}
		},
		{
			"from": [7.5, 8, 6.5],
			"to": [8.5, 9, 10.5],
			"faces": {
				"north": {"uv": [0, 0, 1, 1], "texture": "#0"},
				"east": {"uv": [0, 3, 8, 5], "texture": "#0"},
				"south": {"uv": [0, 0, 1, 1], "texture": "#0"},
				"west": {"uv": [0, 0, 8, 2], "texture": "#0"},
				"up": {"uv": [0, 0, 8, 2], "rotation": 270, "texture": "#0"},
				"down": {"uv": [0, 0, 8, 2], "rotation": 90, "texture": "#0"}
			}
		},
		{
			"from": [7.5, 8.25, 3.5],
			"to": [8.5, 9, 6.5],
			"faces": {
				"north": {"uv": [0, 0, 1, 1], "texture": "#0"},
				"east": {"uv": [0, 3, 6, 4.5], "texture": "#0"},
				"south": {"uv": [0, 0, 1, 1], "texture": "#0"},
				"west": {"uv": [0, 0, 6, 1.5], "texture": "#0"},
				"up": {"uv": [0, 0, 14, 1], "rotation": 270, "texture": "#0"},
				"down": {"uv": [0, 0, 6, 2], "rotation": 90, "texture": "#0"}
			}
		},
		{
			"from": [7.5, 8.5, -3.5],
			"to": [8.5, 9, 3.5],
			"faces": {
				"north": {"uv": [0, 0, 2, 1], "texture": "#0"},
				"east": {"uv": [0, 3, 14, 4], "texture": "#0"},
				"south": {"uv": [0, 0, 1, 1], "texture": "#0"},
				"west": {"uv": [0, 0, 14, 1], "texture": "#0"},
				"up": {"uv": [0, 0, 14, 2], "rotation": 270, "texture": "#0"},
				"down": {"uv": [0, 0, 14, 2], "rotation": 90, "texture": "#0"}
			}
		},
		{
			"from": [7.5, 8, 2.75],
			"to": [8.5, 8.5, 3],
			"faces": {
				"north": {"uv": [0, 0, 2, 1], "texture": "#1"},
				"east": {"uv": [0, 3, 0.5, 4], "texture": "#1"},
				"south": {"uv": [0, 0, 1, 1], "texture": "#1"},
				"west": {"uv": [0, 0, 0.5, 1], "texture": "#1"},
				"up": {"uv": [0, 0, 14, 1], "rotation": 270, "texture": "#1"},
				"down": {"uv": [0, 0, 0.5, 2], "rotation": 90, "texture": "#1"}
			}
		},
		{
			"from": [7.75, 9, -3.5],
			"to": [8.25, 9.5, -3.25],
			"faces": {
				"north": {"uv": [0, 0, 1, 1], "texture": "#1"},
				"east": {"uv": [0, 3, 0.5, 4], "texture": "#1"},
				"south": {"uv": [0, 0, 1, 1], "texture": "#1"},
				"west": {"uv": [0, 0, 0.5, 1], "texture": "#1"},
				"up": {"uv": [0, 0, 0.5, 1], "rotation": 270, "texture": "#1"},
				"down": {"uv": [0, 0, 14, 1], "rotation": 90, "texture": "#1"}
			}
		},
		{
			"from": [7.75, 9, 8.75],
			"to": [8.25, 9.5, 10.25],
			"faces": {
				"north": {"uv": [0, 0, 1, 1], "texture": "#1"},
				"east": {"uv": [0, 3, 3, 4], "texture": "#1"},
				"south": {"uv": [0, 0, 1, 1], "texture": "#1"},
				"west": {"uv": [0, 0, 3, 1], "texture": "#1"},
				"up": {"uv": [0, 0, 3, 1], "rotation": 270, "texture": "#1"},
				"down": {"uv": [0, 0, 14, 1], "rotation": 90, "texture": "#1"}
			}
		},
		{
			"from": [7.75, 9, 7.25],
			"to": [8.25, 9.5, 7.75],
			"faces": {
				"north": {"uv": [0, 0, 1, 1], "texture": "#1"},
				"east": {"uv": [0, 3, 1, 4], "texture": "#1"},
				"south": {"uv": [0, 0, 1, 1], "texture": "#1"},
				"west": {"uv": [0, 0, 1, 1], "texture": "#1"},
				"up": {"uv": [0, 0, 1, 1], "rotation": 270, "texture": "#1"},
				"down": {"uv": [0, 0, 14, 1], "rotation": 90, "texture": "#1"}
			}
		},
		{
			"from": [7.75, 9, 5],
			"to": [8.25, 9.75, 5.25],
			"faces": {
				"north": {"uv": [0, 0, 1, 1], "texture": "#1"},
				"east": {"uv": [0, 3, 0.5, 4.5], "texture": "#1"},
				"south": {"uv": [0, 0, 1, 1], "texture": "#1"},
				"west": {"uv": [0, 0, 0.5, 1.5], "texture": "#1"},
				"up": {"uv": [0, 0, 0.5, 1], "rotation": 270, "texture": "#1"},
				"down": {"uv": [0, 0, 14, 1], "rotation": 90, "texture": "#1"}
			}
		},
		{
			"from": [7.75, 9, 5.25],
			"to": [8.25, 9.25, 7.25],
			"faces": {
				"north": {"uv": [0, 0, 1, 1], "texture": "#1"},
				"east": {"uv": [0, 3, 4, 3.5], "texture": "#1"},
				"south": {"uv": [0, 0, 1, 1], "texture": "#1"},
				"west": {"uv": [0, 0, 4, 0.5], "texture": "#1"},
				"up": {"uv": [0, 0, 4, 1], "rotation": 270, "texture": "#1"},
				"down": {"uv": [0, 0, 14, 1], "rotation": 90, "texture": "#1"}
			}
		},
		{
			"from": [7.75, 9, 4.75],
			"to": [8.25, 9.25, 5],
			"faces": {
				"north": {"uv": [0, 0, 1, 0.5], "texture": "#1"},
				"east": {"uv": [0, 3, 0.5, 3.5], "texture": "#1"},
				"south": {"uv": [0, 0, 1, 1], "texture": "#1"},
				"west": {"uv": [0, 0, 0.5, 0.5], "texture": "#1"},
				"up": {"uv": [0, 0, 0.5, 1], "rotation": 270, "texture": "#1"},
				"down": {"uv": [0, 0, 14, 1], "rotation": 90, "texture": "#1"}
			}
		},
		{
			"from": [7.25, 8.25, 9],
			"to": [8.75, 9.25, 10],
			"faces": {
				"north": {"uv": [0, 0, 1, 1], "texture": "#1"},
				"east": {"uv": [0, 3, 2, 5], "texture": "#1"},
				"south": {"uv": [0, 0, 1, 1], "texture": "#1"},
				"west": {"uv": [0, 0, 2, 2], "texture": "#1"},
				"up": {"uv": [0, 0, 2, 3], "rotation": 270, "texture": "#1"},
				"down": {"uv": [0, 0, 2, 3], "rotation": 90, "texture": "#1"}
			}
		},
		{
			"from": [7.75, 9, 7.75],
			"to": [8.25, 9.25, 8.75],
			"faces": {
				"north": {"uv": [0, 0, 1, 1], "texture": "#2"},
				"east": {"uv": [0, 3, 2, 4], "texture": "#2"},
				"south": {"uv": [0, 0, 1, 1], "texture": "#2"},
				"west": {"uv": [0, 0, 14, 1], "texture": "#2"},
				"up": {"uv": [0, 0, 2, 1], "rotation": 270, "texture": "#2"},
				"down": {"uv": [0, 0, 14, 1], "rotation": 90, "texture": "#2"}
			}
		},
		{
			"from": [7.75, 7.25, 9.5],
			"to": [8.25, 7.5, 10.5],
			"faces": {
				"north": {"uv": [0, 0, 1, 0.5], "texture": "#1"},
				"east": {"uv": [0, 3, 2, 3.5], "texture": "#1"},
				"south": {"uv": [0, 0, 1, 1], "texture": "#1"},
				"west": {"uv": [0, 0, 2, 0.5], "texture": "#1"},
				"up": {"uv": [0, 0, 2, 1], "rotation": 270, "texture": "#1"},
				"down": {"uv": [0, 0, 2, 1], "rotation": 90, "texture": "#1"}
			}
		},
		{
			"from": [7.75, 7.5, 9.25],
			"to": [8.25, 8, 9.5],
			"faces": {
				"north": {"uv": [0, 0, 1, 1], "texture": "#1"},
				"east": {"uv": [0, 3, 0.5, 4], "texture": "#1"},
				"south": {"uv": [0, 0, 1, 1], "texture": "#1"},
				"west": {"uv": [0, 0, 0.5, 1], "texture": "#1"},
				"up": {"uv": [0, 0, 3, 1], "rotation": 270, "texture": "#1"},
				"down": {"uv": [0, 0, 0.5, 1], "rotation": 90, "texture": "#1"}
			}
		}
	],
	"display": {
		"thirdperson_righthand": {
			"scale": [1.5, 1.5, 1.5]
		},
		"thirdperson_lefthand": {
			"rotation": [-90, 0, 30],
			"translation": [2, 0.1, -3],
			"scale": [0.9, 0.9, 0.9]
		},
		"firstperson_righthand": {
			"rotation": [0, 0, 0],
			"translation": [1.13, 3.2, 1.13],
			"scale": [0.68, 0.68, 0.68]
		},
		"firstperson_lefthand": {
			"rotation": [0, 0, 0],
			"translation": [1.13, 3.2, 1.13],
			"scale": [0.68, 0.68, 0.68]
		},
		"gui": {
			"rotation": [90, 45, -90],
			"translation": [0, 0, 0],
			"scale": [1, 1, 1]
		}
	},
	"groups": [
		{
			"name": "group",
			"origin": [8, 8, 8],
			"children": [
				{
					"name": "group",
					"origin": [8, 8, 8],
					"children": [0, 1, 2, 3]
				},
				{
					"name": "group",
					"origin": [8, 8, 8],
					"children": [4, 5, 6]
				}, 7, 8,
				{
					"name": "group",
					"origin": [8, 8, 8],
					"children": [9, 10, 11, 12, 13, 14, 15]
				},
				{
					"name": "group",
					"origin": [8, 8, 8],
					"children": [16, 17]
				}
			]
		}
	]
}
#本包由GoldenEggs工作室：Nightmare Abyss 制作组，侵权必究！
#This package is produced by GoldenEggs Studio: Nightmare Abyss. Infringement will be investigated!