{
	"textures": {
		"0": "block/oak_planks",
		"1": "block/oak_log",
		"2": "block/gray_stained_glass",
		"3": "item/clock_00",
		"particle": "block/oak_planks"
	},
	"elements": [
		{
			"from": [4, 15, 4],
			"to": [12, 16, 12],
			"faces": {
				"north": {"uv": [0, 0, 8, 1], "texture": "#0"},
				"east": {"uv": [0, 0, 8, 1], "texture": "#0"},
				"south": {"uv": [0, 0, 8, 1], "texture": "#0"},
				"west": {"uv": [0, 0, 8, 1], "texture": "#0"},
				"up": {"uv": [4, 4, 12, 12], "rotation": 270, "texture": "#0"},
				"down": {"uv": [4, 4, 12, 12], "rotation": 90, "texture": "#0"}
			}
		},
		{
			"from": [4, 0, 4],
			"to": [12, 1, 12],
			"faces": {
				"north": {"uv": [0, 0, 8, 1], "texture": "#0"},
				"east": {"uv": [0, 0, 8, 1], "texture": "#0"},
				"south": {"uv": [0, 0, 8, 1], "texture": "#0"},
				"west": {"uv": [0, 0, 8, 1], "texture": "#0"},
				"up": {"uv": [4, 4, 12, 12], "rotation": 270, "texture": "#0"},
				"down": {"uv": [4, 4, 12, 12], "rotation": 90, "texture": "#0"}
			}
		},
		{
			"from": [4, 1, 7],
			"to": [5, 15, 9],
			"faces": {
				"north": {"uv": [0, 0, 1, 14], "texture": "#1"},
				"east": {"uv": [0, 0, 2, 14], "texture": "#1"},
				"south": {"uv": [0, 0, 1, 14], "texture": "#1"},
				"west": {"uv": [0, 0, 2, 14], "texture": "#1"},
				"up": {"uv": [0, 0, 2, 1], "rotation": 270, "texture": "#1"},
				"down": {"uv": [0, 0, 2, 1], "rotation": 90, "texture": "#1"}
			}
		},
		{
			"from": [11, 1, 7],
			"to": [12, 15, 9],
			"faces": {
				"north": {"uv": [0, 0, 1, 14], "texture": "#1"},
				"east": {"uv": [0, 0, 2, 14], "texture": "#1"},
				"south": {"uv": [0, 0, 1, 14], "texture": "#1"},
				"west": {"uv": [0, 0, 2, 14], "texture": "#1"},
				"up": {"uv": [0, 0, 2, 1], "rotation": 270, "texture": "#1"},
				"down": {"uv": [0, 0, 2, 1], "rotation": 90, "texture": "#1"}
			}
		},
		{
			"from": [6, 9, 6],
			"to": [10, 15, 10],
			"faces": {
				"north": {"uv": [1, 1, 5, 7], "texture": "#2"},
				"east": {"uv": [1, 1, 5, 7], "texture": "#2"},
				"south": {"uv": [1, 1, 5, 7], "texture": "#2"},
				"west": {"uv": [1, 1, 5, 7], "texture": "#2"},
				"down": {"uv": [1, 1, 5, 5], "rotation": 90, "texture": "#2"}
			}
		},
		{
			"from": [6, 1, 6],
			"to": [10, 7, 10],
			"faces": {
				"north": {"uv": [1, 1, 5, 7], "texture": "#2"},
				"east": {"uv": [1, 1, 5, 7], "texture": "#2"},
				"south": {"uv": [1, 1, 5, 7], "texture": "#2"},
				"west": {"uv": [1, 1, 5, 7], "texture": "#2"},
				"up": {"uv": [1, 1, 5, 5], "rotation": 270, "texture": "#2"}
			}
		},
		{
			"from": [7, 7, 7],
			"to": [9, 9, 9],
			"faces": {
				"north": {"uv": [1, 1, 3, 3], "texture": "#2"},
				"east": {"uv": [1, 1, 3, 3], "texture": "#2"},
				"south": {"uv": [1, 1, 3, 3], "texture": "#2"},
				"west": {"uv": [1, 1, 3, 3], "texture": "#2"}
			}
		},
		{
			"from": [5, 9, 5.9],
			"to": [11, 15, 5.9],
			"faces": {
				"north": {"uv": [0, 0, 16, 16], "texture": "#3"},
				"south": {"uv": [0, 0, 16, 16], "texture": "#3"}
			}
		}
	],
	"display": {
		"head": {
			"scale": [4, 4, 4]
		}
	},
	"groups": [
		{
			"name": "group",
			"origin": [8, 8, 8],
			"children": [0, 1, 2, 3,
				{
					"name": "group",
					"origin": [8, 8, 8],
					"children": [4, 5, 6, 7]
				}
			]
		}
	]
}
#本包由GoldenEggs工作室：Nightmare Abyss 制作组，侵权必究！
#This package is produced by GoldenEggs Studio: Nightmare Abyss. Infringement will be investigated!