{
	"credit": "Made with Blockbench",
	"textures": {
		"0": "block/tear",
		"1": "block/ttt",
		"2": "block/www",
		"particle": "block/tear"
	},
	"elements": [
		{
			"from": [5, 11, 8],
			"to": [12, 15, 11],
			"faces": {
				"north": {"uv": [0, 0, 7, 4], "texture": "#0"},
				"east": {"uv": [13, 12, 16, 16], "texture": "#0"},
				"south": {"uv": [0, 0, 7, 4], "texture": "#0"},
				"west": {"uv": [3, 7, 6, 11], "texture": "#0"},
				"up": {"uv": [9, 9, 16, 12], "texture": "#0"},
				"down": {"uv": [2, 13, 9, 16], "texture": "#0"}
			}
		},
		{
			"from": [11, 12, 6],
			"to": [12, 15, 8],
			"faces": {
				"north": {"uv": [0, 0, 1, 3], "texture": "#1"},
				"east": {"uv": [0, 0, 2, 3], "texture": "#1"},
				"south": {"uv": [0, 0, 1, 3], "texture": "#1"},
				"west": {"uv": [0, 0, 2, 3], "texture": "#1"},
				"up": {"uv": [0, 0, 1, 2], "texture": "#1"},
				"down": {"uv": [0, 0, 1, 2], "texture": "#1"}
			}
		},
		{
			"from": [11, 13, 5],
			"to": [12, 14, 6],
			"faces": {
				"north": {"uv": [0, 0, 1, 1], "texture": "#2"},
				"east": {"uv": [0, 0, 1, 1], "texture": "#2"},
				"south": {"uv": [0, 0, 1, 1], "texture": "#2"},
				"west": {"uv": [0, 0, 1, 1], "texture": "#2"},
				"up": {"uv": [0, 0, 1, 1], "texture": "#2"},
				"down": {"uv": [0, 0, 1, 1], "texture": "#2"}
			}
		}
	},
	"display": {
		"thirdperson_righthand": {
			"rotation": [66, -180, 0],
			"translation": [-8.75, -0.5, 10.25],
			"scale": [0.57, 0.93, 1.08]
		},
		"firstperson_righthand": {
			"rotation": [0, 8, 0],
			"translation": [-14, 0.75, 2.75],
			"scale": [0.96, 1.74, 2.13]
		},
		"gui": {
			"translation": [0, -4, 0]
		},
		"fixed": {
			"rotation": [0, -180, -180],
			"translation": [-1.5, 6.5, 0.5]
		}
	}
}
#本包由GoldenEggs工作室：Nightmare Abyss 制作组，侵权必究！
#This package is produced by GoldenEggs Studio: Nightmare Abyss. Infringement will be investigated!