{
	"parent": "block/block",
	"textures": {
		"0": "block/end_portal_frame_eye",
		"1": "block/bubble_coral_block",
		"particle": "block/bubble_coral_block"
	},
	"elements": [
		{
			"from": [8, 7, -2],
			"to": [12, 11, -1.5],
			"faces": {
				"north": {"uv": [6, 6, 10, 10], "texture": "#0"},
				"east": {"uv": [4, 0, 4.5, 4], "texture": "#0"},
				"south": {"uv": [6, 6, 10, 10], "texture": "#0"},
				"west": {"uv": [4, 0, 4.5, 4], "texture": "#0"},
				"up": {"uv": [6, 0, 10, 0.5], "texture": "#0"},
				"down": {"uv": [6, 0, 10, 0.5], "texture": "#0"}
			}
		},
		{
			"from": [6, 6, -1.5],
			"to": [13, 12, 0],
			"faces": {
				"north": {"uv": [0, 0, 7, 6], "texture": "#1"},
				"east": {"uv": [0, 0, 1.5, 6], "texture": "#1"},
				"south": {"uv": [0, 0, 7, 6], "texture": "#1"},
				"west": {"uv": [0, 0, 1.5, 6], "texture": "#1"},
				"up": {"uv": [0, 0, 7, 1.5], "texture": "#1"},
				"down": {"uv": [0, 0, 7, 1.5], "texture": "#1"}
			}
		},
		{
			"from": [10, 3, -1.5],
			"to": [13, 6, 0],
			"faces": {
				"north": {"uv": [0, 0, 3, 3], "texture": "#1"},
				"east": {"uv": [0, 0, 1.5, 3], "texture": "#1"},
				"south": {"uv": [0, 0, 3, 3], "texture": "#1"},
				"west": {"uv": [0, 0, 1.5, 3], "texture": "#1"},
				"up": {"uv": [0, 0, 3, 1.5], "texture": "#1"},
				"down": {"uv": [0, 0, 3, 1.5], "texture": "#1"}
			}
		},
		{
			"from": [11, 1, -1],
			"to": [13, 3, 0],
			"faces": {
				"north": {"uv": [0, 0, 2, 2], "texture": "#1"},
				"east": {"uv": [0, 0, 1, 2], "texture": "#1"},
				"south": {"uv": [0, 0, 2, 2], "texture": "#1"},
				"west": {"uv": [0, 0, 1, 2], "texture": "#1"},
				"up": {"uv": [0, 0, 2, 1], "texture": "#1"},
				"down": {"uv": [0, 0, 2, 1], "texture": "#1"}
			}
		},
		{
			"from": [12, 0, -1],
			"to": [14, 1, 4],
			"faces": {
				"north": {"uv": [0, 0, 2, 1], "texture": "#1"},
				"east": {"uv": [0, 0, 5, 1], "texture": "#1"},
				"south": {"uv": [0, 0, 2, 1], "texture": "#1"},
				"west": {"uv": [0, 0, 5, 1], "texture": "#1"},
				"up": {"uv": [0, 0, 2, 5], "texture": "#1"},
				"down": {"uv": [0, 0, 2, 5], "texture": "#1"}
			}
		},
		{
			"from": [13, 4, -1],
			"to": [16, 6, 0],
			"faces": {
				"north": {"uv": [0, 0, 3, 2], "texture": "#1"},
				"east": {"uv": [0, 0, 1, 2], "texture": "#1"},
				"south": {"uv": [0, 0, 3, 2], "texture": "#1"},
				"west": {"uv": [0, 0, 1, 2], "texture": "#1"},
				"up": {"uv": [0, 0, 3, 1], "texture": "#1"},
				"down": {"uv": [0, 0, 3, 1], "texture": "#1"}
			}
		},
		{
			"from": [16, 5, -1],
			"to": [17, 6, 4],
			"faces": {
				"north": {"uv": [0, 0, 1, 1], "texture": "#1"},
				"east": {"uv": [0, 0, 5, 1], "texture": "#1"},
				"south": {"uv": [0, 0, 1, 1], "texture": "#1"},
				"west": {"uv": [0, 0, 5, 1], "texture": "#1"},
				"up": {"uv": [0, 0, 1, 5], "texture": "#1"},
				"down": {"uv": [0, 0, 1, 5], "texture": "#1"}
			}
		},
		{
			"from": [13, 8, -1.5],
			"to": [15, 11, 0],
			"faces": {
				"north": {"uv": [0, 0, 2, 3], "texture": "#1"},
				"east": {"uv": [0, 0, 1.5, 3], "texture": "#1"},
				"south": {"uv": [0, 0, 2, 3], "texture": "#1"},
				"west": {"uv": [0, 0, 1.5, 3], "texture": "#1"},
				"up": {"uv": [0, 0, 2, 1.5], "texture": "#1"},
				"down": {"uv": [0, 0, 2, 1.5], "texture": "#1"}
			}
		},
		{
			"from": [15, 9, -1],
			"to": [16, 11, 2],
			"faces": {
				"north": {"uv": [0, 0, 1, 2], "texture": "#1"},
				"east": {"uv": [0, 0, 3, 2], "texture": "#1"},
				"south": {"uv": [0, 0, 1, 2], "texture": "#1"},
				"west": {"uv": [0, 0, 3, 2], "texture": "#1"},
				"up": {"uv": [0, 0, 1, 3], "texture": "#1"},
				"down": {"uv": [0, 0, 1, 3], "texture": "#1"}
			}
		},
		{
			"from": [15, 11, 1],
			"to": [16, 12, 7],
			"faces": {
				"north": {"uv": [0, 0, 1, 1], "texture": "#1"},
				"east": {"uv": [0, 0, 6, 1], "texture": "#1"},
				"south": {"uv": [0, 0, 1, 1], "texture": "#1"},
				"west": {"uv": [0, 0, 6, 1], "texture": "#1"},
				"up": {"uv": [0, 0, 1, 6], "texture": "#1"},
				"down": {"uv": [0, 0, 1, 6], "texture": "#1"}
			}
		},
		{
			"from": [6, 15, -1.5],
			"to": [9, 16.5, 2],
			"faces": {
				"north": {"uv": [0, 0, 3, 1.5], "texture": "#1"},
				"east": {"uv": [0, 0, 3.5, 1.5], "texture": "#1"},
				"south": {"uv": [0, 0, 3, 1.5], "texture": "#1"},
				"west": {"uv": [0, 0, 3.5, 1.5], "texture": "#1"},
				"up": {"uv": [0, 0, 3, 3.5], "texture": "#1"},
				"down": {"uv": [0, 0, 3, 3.5], "texture": "#1"}
			}
		},
		{
			"from": [5, 15, 2],
			"to": [8, 16.5, 5],
			"faces": {
				"north": {"uv": [0, 0, 3, 1.5], "texture": "#1"},
				"east": {"uv": [0, 0, 3, 1.5], "texture": "#1"},
				"south": {"uv": [0, 0, 3, 1.5], "texture": "#1"},
				"west": {"uv": [0, 0, 3, 1.5], "texture": "#1"},
				"up": {"uv": [0, 0, 3, 3], "texture": "#1"},
				"down": {"uv": [0, 0, 3, 3], "texture": "#1"}
			}
		},
		{
			"from": [6, 15, 5],
			"to": [8, 16, 9],
			"faces": {
				"north": {"uv": [0, 0, 2, 1], "texture": "#1"},
				"east": {"uv": [0, 0, 4, 1], "texture": "#1"},
				"south": {"uv": [0, 0, 2, 1], "texture": "#1"},
				"west": {"uv": [0, 0, 4, 1], "texture": "#1"},
				"up": {"uv": [0, 0, 2, 4], "texture": "#1"},
				"down": {"uv": [0, 0, 2, 4], "texture": "#1"}
			}
		},
		{
			"from": [8, 15, 8],
			"to": [9, 16, 14],
			"faces": {
				"north": {"uv": [0, 0, 1, 1], "texture": "#1"},
				"east": {"uv": [0, 0, 6, 1], "texture": "#1"},
				"south": {"uv": [0, 0, 1, 1], "texture": "#1"},
				"west": {"uv": [0, 0, 6, 1], "texture": "#1"},
				"up": {"uv": [0, 0, 1, 6], "texture": "#1"},
				"down": {"uv": [0, 0, 1, 6], "texture": "#1"}
			}
		},
		{
			"from": [3, 8, -1.5],
			"to": [6, 11, 0],
			"faces": {
				"north": {"uv": [0, 0, 3, 3], "texture": "#1"},
				"east": {"uv": [0, 0, 1.5, 3], "texture": "#1"},
				"south": {"uv": [0, 0, 3, 3], "texture": "#1"},
				"west": {"uv": [0, 0, 1.5, 3], "texture": "#1"},
				"up": {"uv": [0, 0, 3, 1.5], "texture": "#1"},
				"down": {"uv": [0, 0, 3, 1.5], "texture": "#1"}
			}
		},
		{
			"from": [7, 12, -1.5],
			"to": [10, 15, 0],
			"faces": {
				"north": {"uv": [0, 0, 3, 3], "texture": "#1"},
				"east": {"uv": [0, 0, 1.5, 3], "texture": "#1"},
				"south": {"uv": [0, 0, 3, 3], "texture": "#1"},
				"west": {"uv": [0, 0, 1.5, 3], "texture": "#1"},
				"up": {"uv": [0, 0, 3, 1.5], "texture": "#1"},
				"down": {"uv": [0, 0, 3, 1.5], "texture": "#1"}
			}
		},
		{
			"from": [1, 9, -1],
			"to": [3, 11, 0],
			"faces": {
				"north": {"uv": [0, 0, 2, 2], "texture": "#1"},
				"east": {"uv": [0, 0, 1, 2], "texture": "#1"},
				"south": {"uv": [0, 0, 2, 2], "texture": "#1"},
				"west": {"uv": [0, 0, 1, 2], "texture": "#1"},
				"up": {"uv": [0, 0, 2, 1], "texture": "#1"},
				"down": {"uv": [0, 0, 2, 1], "texture": "#1"}
			}
		},
		{
			"from": [0, 10, -1],
			"to": [1, 11, 9],
			"faces": {
				"north": {"uv": [0, 0, 1, 1], "texture": "#1"},
				"east": {"uv": [0, 0, 10, 1], "texture": "#1"},
				"south": {"uv": [0, 0, 1, 1], "texture": "#1"},
				"west": {"uv": [0, 0, 10, 1], "texture": "#1"},
				"up": {"uv": [0, 0, 1, 10], "texture": "#1"},
				"down": {"uv": [0, 0, 1, 10], "texture": "#1"}
			}
		},
		{
			"from": [7, 3, -1.5],
			"to": [9, 6, 0],
			"faces": {
				"north": {"uv": [0, 0, 2, 3], "texture": "#1"},
				"east": {"uv": [0, 0, 1.5, 3], "texture": "#1"},
				"south": {"uv": [0, 0, 2, 3], "texture": "#1"},
				"west": {"uv": [0, 0, 1.5, 3], "texture": "#1"},
				"up": {"uv": [0, 0, 2, 1.5], "texture": "#1"},
				"down": {"uv": [0, 0, 2, 1.5], "texture": "#1"}
			}
		},
		{
			"from": [2, 1, -1],
			"to": [8, 3, 0],
			"faces": {
				"north": {"uv": [0, 0, 6, 2], "texture": "#1"},
				"east": {"uv": [0, 0, 1, 2], "texture": "#1"},
				"south": {"uv": [0, 0, 6, 2], "texture": "#1"},
				"west": {"uv": [0, 0, 1, 2], "texture": "#1"},
				"up": {"uv": [0, 0, 6, 1], "texture": "#1"},
				"down": {"uv": [0, 0, 6, 1], "texture": "#1"}
			}
		},
		{
			"from": [2, 0, -1],
			"to": [4, 1, 4],
			"faces": {
				"north": {"uv": [0, 0, 2, 1], "texture": "#1"},
				"east": {"uv": [0, 0, 5, 1], "texture": "#1"},
				"south": {"uv": [0, 0, 2, 1], "texture": "#1"},
				"west": {"uv": [0, 0, 5, 1], "texture": "#1"},
				"up": {"uv": [0, 0, 2, 5], "texture": "#1"},
				"down": {"uv": [0, 0, 2, 5], "texture": "#1"}
			}
		}
	],
	"display": {},
	"groups": [
		{
			"name": "group",
			"origin": [8, 8, 8],
			"children": [
				{
					"name": "group",
					"origin": [8, 8, 8],
					"children": [0, 1]
				},
				{
					"name": "group",
					"origin": [8, 8, 8],
					"children": [2, 3, 4, 5, 6]
				},
				{
					"name": "group",
					"origin": [8, 8, 8],
					"children": [7, 8, 9]
				},
				{
					"name": "group",
					"origin": [8, 8, 8],
					"children": [10, 11, 12, 13]
				},
				{
					"name": "group",
					"origin": [8, 8, 8],
					"children": [14, 15, 16, 17]
				},
				{
					"name": "group",
					"origin": [8, 8, 8],
					"children": [18, 19, 20]
				}
			]
		}
	]
}
#本包由GoldenEggs工作室：Nightmare Abyss 制作组，侵权必究！
#This package is produced by GoldenEggs Studio: Nightmare Abyss. Infringement will be investigated!