x,y,z,type
0,3,0,minecraft:beacon
-2,2,-6,minecraft:command_block
-4,2,-6,minecraft:command_block
-1,4,-7,minecraft:sign
-6,2,-6,minecraft:command_block
-3,4,-7,minecraft:sign
-5,4,-7,minecraft:sign
-2,1,-6,minecraft:command_block
-4,1,-6,minecraft:command_block
-6,1,-6,minecraft:command_block
-1,3,-10,minecraft:command_block
-1,5,-9,minecraft:command_block
-3,3,-10,minecraft:command_block
-1,5,-10,minecraft:command_block
-3,5,-9,minecraft:command_block
-1,5,-11,minecraft:command_block
-5,3,-10,minecraft:command_block
-3,5,-10,minecraft:command_block
-1,5,-12,minecraft:command_block
-5,5,-9,minecraft:command_block
-3,5,-11,minecraft:command_block
-5,5,-10,minecraft:command_block
-3,5,-12,minecraft:command_block
-5,5,-11,minecraft:command_block
-8,3,-10,minecraft:command_block
-5,5,-12,minecraft:command_block
-8,3,-11,minecraft:command_block
-8,3,-12,minecraft:command_block
-8,3,-13,minecraft:command_block
-8,3,-14,minecraft:command_block
-8,3,-15,minecraft:command_block
1,4,-7,minecraft:sign
1,5,-9,minecraft:command_block
1,5,-10,minecraft:command_block
-8,3,-15,minecraft:command_block
-8,3,-15,minecraft:command_block
