x,y,z,uuid,type,alive,display_name,custom_name
-3.5,4.0,-5.5,9193e5c9-da37-468c-a815-138569213391,minecraft:armor_stand,true,加入蓝队,加入蓝队
-1.5,4.0,-5.5,6d3d0eca-726c-47f1-9e6f-dc94ebdfc40f,minecraft:armor_stand,true,离开队伍,离开队伍
-1.5,4.0,-5.5,23c9fe42-0809-4a94-8c13-1c4304c99c78,minecraft:armor_stand,true,离开队伍,离开队伍
-5.5,4.0,-5.5,873730d8-31ce-454d-b65e-4553320a74c1,minecraft:armor_stand,true,加入红队,加入红队
-7.5,4.0,-8.5,20b08ec7-55fa-4c22-9bea-15ae3ece9076,minecraft:armor_stand,true,工具人,工具人
-7.5,4.0,-8.5,faecd4aa-1d05-40b4-af30-5e78aa4223cc,minecraft:armor_stand,true,工具人,工具人
-5.505087455709322,9.41309538816263,-8.300000011920922,626d2ede-8699-421a-8dd0-839d8ff8e84d,minecraft:player,true,gele178,[null]
