{"stats":{"minecraft:used":{"minecraft:black_terracotta":1,"minecraft:netherite_block":87,"minecraft:lever":2,"minecraft:sea_lantern":43,"minecraft:black_concrete":211,"minecraft:bookshelf":39,"minecraft:command_block":87,"minecraft:armor_stand":9,"minecraft:red_concrete":7,"minecraft:oak_stairs":17,"minecraft:quartz_block":26,"minecraft:redstone":5,"minecraft:barrier":8,"minecraft:stone_button":9,"minecraft:oak_planks":108,"minecraft:oak_sign":10,"minecraft:white_concrete_powder":14,"minecraft:beacon":1,"minecraft:blackstone_slab":1,"minecraft:repeater":20,"minecraft:comparator":5,"minecraft:chain_command_block":9,"minecraft:repeating_command_block":6,"minecraft:white_concrete":4,"minecraft:blue_concrete":1},"minecraft:dropped":{"minecraft:leather":4},"minecraft:custom":{"minecraft:time_since_rest":9549,"minecraft:sprint_one_cm":85824,"minecraft:damage_taken":890,"minecraft:walk_one_cm":238437,"minecraft:mob_kills":6,"minecraft:drop":4,"minecraft:damage_dealt":548,"minecraft:interact_with_beacon":8,"minecraft:fly_one_cm":352032,"minecraft:play_one_minute":221597,"minecraft:crouch_one_cm":10205,"minecraft:deaths":13,"minecraft:sneak_time":4183,"minecraft:aviate_one_cm":58364,"minecraft:jump":424,"minecraft:leave_game":16,"minecraft:time_since_death":9529,"minecraft:fall_one_cm":1279},"minecraft:killed":{"minecraft:cow":5},"minecraft:picked_up":{"minecraft:leather":7,"minecraft:acacia_button":1,"minecraft:prismarine_crystals":27,"minecraft:oak_sign":2,"minecraft:lever":1,"minecraft:beef":13}},"DataVersion":2578}